character,season,episode,title,airdate,n_lines,md_F1_mean,md_F2_mean,inout_F1_mean,ep_order,season_f
Annie Leonhart,1,4,The Night of the Closing Ceremony - Humanity's Comeback (2),2013-04-28,4,-0.23253182058304478,-0.2229138040783495,0.5048481012845594,1,Season 1
Annie Leonhart,1,16,What Needs to Be Done Now - Eve of the Counterattack (3),2013-07-28,2,-0.23310192992892553,-0.3328491962516242,-0.8936648636093687,2,Season 1
Annie Leonhart,1,23,Smile - Assault on Stohess (1),2013-09-15,11,0.11972215590816802,0.14691796390509682,0.3308449902207212,3,Season 1
Annie Leonhart,2,7,Close Combat,2017-05-13,5,-0.23278604766139638,-0.11128926610559257,-0.6699027892263402,4,Season 2
Annie Leonhart,4,3,The Door of Hope,2020-12-20,9,0.41201678360598176,-0.1616782705090612,-0.27166337652001044,5,Season 4
Annie Leonhart,4,23,Sunset,2022-02-20,18,-0.2328929532387258,0.016466081950088834,-0.3325496089888646,6,Season 4
Annie Leonhart,4,25,Night of the End,2022-03-06,2,-0.23191737142569124,0.4980005417959943,0.22910703253428555,7,Season 4
Annie Leonhart,4,26,Traitor,2022-03-13,4,1.2180277709617804,0.14608779318527373,0.7875218374347288,8,Season 4
Annie Leonhart,4,27,Retrospective,2022-03-20,1,-0.23310192992892553,-0.3328491962516242,0.2370300809913092,9,Season 4
Armin Arlert,1,1,"To You, in 2000 Years - The Fall of Shiganshina (1)",2013-04-07,6,0.41282788360292944,0.19589944429374798,1.1636839851055942,10,Season 1
Armin Arlert,1,2,That Day - The Fall of Shiganshina (2),2013-04-14,4,0.7347597008917397,0.035349024039136354,-0.048842537804069865,11,Season 1
Armin Arlert,1,3,A Dim Light Amid Despair - Humanity's Comeback (1),2013-04-21,3,-0.23310192992892553,-0.3328491962516242,0.23002150043347164,12,Season 1
Armin Arlert,1,4,The Night of the Closing Ceremony - Humanity's Comeback (2),2013-04-28,3,-0.23310192992892553,-0.3328491962516242,-0.5170702013742438,1,Season 1
Armin Arlert,1,5,First Battle - The Struggle for Trost (1),2013-05-05,2,-0.23310192992892553,-0.3328491962516242,0.7965888482667058,13,Season 1
Armin Arlert,1,6,The World the Girl Saw - The Struggle for Trost (2),2013-05-12,1,-0.23310192992892553,-0.3328491962516242,-0.8857418151523451,14,Season 1
Armin Arlert,1,7,Small Blade - The Struggle for Trost (3),2013-05-19,6,-0.2330210729482976,-0.19186268390457775,0.04472178687456793,15,Season 1
Armin Arlert,1,8,I Can Hear His Heartbeat - The Struggle for Trost (4),2013-05-26,12,-0.23284540703239814,0.016771937033155868,-0.7032852603333042,16,Season 1
Armin Arlert,1,10,Response - The Struggle for Trost (6),2013-06-09,13,0.21401296928493932,0.22425087159852714,0.14456916939882908,17,Season 1
Armin Arlert,1,11,Idol - The Struggle for Trost (7),2013-06-16,7,-0.2317684603867758,0.5259034797023838,-0.08802756762485478,18,Season 1
Armin Arlert,1,12,Wound - The Struggle for Trost (8),2013-06-23,3,-0.23204898903716173,0.40568390423514783,0.2389614043348981,19,Season 1
Armin Arlert,1,14,Can't Look Into His Eyes - Eve of the Counterattack (1),2013-07-14,2,-0.23314462087851973,0.04558293962054147,-0.33029815342328567,20,Season 1
Armin Arlert,1,16,What Needs to Be Done Now - Eve of the Counterattack (3),2013-07-28,6,0.09016761950201542,0.5811246665521672,-0.3320247016764409,2,Season 1
Armin Arlert,1,17,Female Titan - The 57th Exterior Scouting Mission (1),2013-08-04,23,-0.14897279297053465,-0.2606360363516541,-0.45143086277100847,21,Season 1
Armin Arlert,1,18,Forest of Giant Trees - The 57th Exterior Scouting Mission (2),2013-08-11,7,-0.2328199444528762,-0.20848740642935132,-0.7300034230923084,22,Season 1
Armin Arlert,1,20,Erwin Smith - The 57th Exterior Scouting Mission (4),2013-08-25,9,-0.2322831479196462,0.02530909997085668,0.10452407553683563,23,Season 1
Armin Arlert,1,21,Crushing Blow - The 57th Exterior Scouting Mission (5),2013-09-01,8,0.008824538888100912,-0.22943268503314684,-0.05124301603943321,24,Season 1
Armin Arlert,1,22,The Defeated - The 57th Exterior Scouting Mission (6),2013-09-08,1,-0.23310192992892553,-0.3328491962516242,-0.8936648636093687,25,Season 1
Armin Arlert,1,23,Smile - Assault on Stohess (1),2013-09-15,15,0.41182440126942155,0.011042353220793515,0.2285385762865072,3,Season 1
Armin Arlert,1,24,Mercy - Assault on Stohess (2),2013-09-22,13,-0.23254189109842913,-0.1630681522160161,-0.11357139371546134,26,Season 1
Armin Arlert,1,25,Wall: Raid on Stohess District (3),2013-09-29,3,-0.23310192992892553,-0.3328491962516242,-0.14647077425643648,27,Season 1
Armin Arlert,2,1,Beast Titan,2017-04-01,1,-0.23310192992892553,-0.3328491962516242,1.3558404529064516,28,Season 2
Armin Arlert,2,2,I'm Home,2017-04-08,1,-0.23310192992892553,-0.3328491962516242,-0.8936648636093687,29,Season 2
Armin Arlert,2,5,Historia,2017-04-29,1,-0.23310192992892553,-0.3328491962516242,-0.8936648636093687,30,Season 2
Armin Arlert,2,6,Warrior,2017-05-06,8,-0.23300323501230827,-0.2893225698138287,-0.4724347421596728,31,Season 2
Armin Arlert,2,7,Close Combat,2017-05-13,6,-0.23278027586882813,-0.20388742796635279,-0.1397146525577581,4,Season 2
Armin Arlert,2,8,The Hunters,2017-05-20,9,-0.2329449601645854,-0.2915126932480149,-0.2689882311859303,32,Season 2
Armin Arlert,2,9,Opening,2017-05-27,1,-0.23310192992892553,-0.3328491962516242,0.23855536415791354,33,Season 2
Armin Arlert,2,11,Charge,2017-06-10,3,-0.23310192992892553,-0.3328491962516242,0.2301238879786886,34,Season 2
Armin Arlert,2,12,Scream,2017-06-17,1,-0.23310192992892553,-0.3328491962516242,-0.8936648636093687,35,Season 2
Armin Arlert,3,1,Smoke Signal,2018-07-22,1,1.702309820607286,0.49448289349619456,1.347917404449428,36,Season 3
Armin Arlert,3,2,Pain,2018-07-29,4,0.2505535812879216,-0.2644911301559393,-0.33326929659466953,37,Season 3
Armin Arlert,3,6,Sin,2018-08-26,3,-0.23310192992892553,-0.3328491962516242,-0.8910238474570275,38,Season 3
Armin Arlert,3,7,Wish,2018-09-02,2,-0.23310192992892553,-0.3328491962516242,0.23322213808062275,39,Season 3
Armin Arlert,3,8,Outside the Walls of Orvud District,2018-09-09,2,-0.23310192992892553,-0.3328491962516242,-0.8936648636093687,40,Season 3
Armin Arlert,3,9,Ruler of the Walls,2018-09-16,4,-0.23196171123716403,-0.11297841190507482,-0.6119815085163272,41,Season 3
Armin Arlert,3,11,Bystander,2018-10-07,7,-0.23305254459631616,0.11128935627004335,-0.41299895977535417,42,Season 3
Armin Arlert,3,12,Night of the Battle to Retake the Wall,2018-10-14,7,-0.23319551233006752,-0.24341372628937716,0.06666521683555734,43,Season 3
Armin Arlert,3,13,The Town Where Everything Began,2019-04-28,14,0.18161937113539361,-0.11688150993178494,-0.008526396061685116,44,Season 3
Armin Arlert,3,14,Thunder Spears,2019-05-05,11,-0.23293220998240824,0.011323080178473985,0.12991796868741654,45,Season 3
Armin Arlert,3,15,Descent,2019-05-12,4,-0.23310192992892553,-0.3328491962516242,-0.8936648636093687,46,Season 3
Armin Arlert,3,16,Perfect Game,2019-05-19,2,-0.23310192992892553,-0.3328491962516242,-0.8883316375320778,47,Season 3
Armin Arlert,3,17,Hero,2019-05-26,9,-0.23310192992892553,-0.3328491962516242,-0.5172396772816442,48,Season 3
Armin Arlert,3,19,The Basement,2019-06-09,7,-0.23323269763599966,-0.1291058983626756,0.3884150340088972,49,Season 3
Armin Arlert,3,20,That Day,2019-06-16,1,-0.23310192992892553,-0.3328491962516242,-0.8936648636093687,50,Season 3
Armin Arlert,3,21,The Attack Titan,2019-06-23,1,-0.23310192992892553,-0.3328491962516242,-0.8936648636093687,51,Season 3
Armin Arlert,3,22,Beyond the Wall,2019-06-30,3,-0.23310192992892553,-0.3328491962516242,-0.8936648636093687,52,Season 3
Armin Arlert,4,7,Assault,2021-01-24,1,-0.23310192992892553,-0.3328491962516242,0.22514550830577376,53,Season 4
Armin Arlert,4,9,Brave Volunteers,2021-02-07,11,-0.23257558692149344,-0.12182084814845279,0.025853550895373792,54,Season 4
Armin Arlert,4,14,Violence,2021-03-21,3,-0.23310192992892553,-0.3328491962516242,0.6016377829956818,55,Season 4
Armin Arlert,4,16,Heaven and Earth,2021-03-28,2,-0.2327070770945141,-0.05589928356908466,-0.8936648636093687,56,Season 4
Armin Arlert,4,17,Judgement,2022-01-09,2,-0.2317200547603991,0.4822103877402279,0.2318504362318437,57,Season 4
Armin Arlert,4,18,Sneak Attack,2022-01-16,3,-0.23165420937069267,0.5797904099863298,0.6057016947694105,58,Season 4
Armin Arlert,4,22,Thaw,2022-02-13,5,-0.23310192992892553,-0.3328491962516242,0.2275224228428808,59,Season 4
Armin Arlert,4,23,Sunset,2022-02-20,9,-0.23272149061792088,-0.03968980378649996,-0.7672870999952855,6,Season 4
Armin Arlert,4,24,Pride,2022-02-27,1,-0.23310192992892553,-0.3328491962516242,-0.8936648636093687,60,Season 4
Armin Arlert,4,25,Night of the End,2022-03-06,1,-0.23310192992892553,-0.3328491962516242,-0.8936648636093687,7,Season 4
Armin Arlert,4,26,Traitor,2022-03-13,3,0.41203532024981165,-0.05707183300235127,0.23185043623184365,8,Season 4
Bertholdt Hoover,1,3,A Dim Light Amid Despair - Humanity's Comeback (1),2013-04-21,2,-0.23310192992892553,-0.3328491962516242,-0.3342596776517975,12,Season 1
Bertholdt Hoover,2,4,Soldier,2017-04-22,1,-0.23310192992892553,-0.3328491962516242,-0.8936648636093687,61,Season 2
Bertholdt Hoover,2,5,Historia,2017-04-29,1,-0.23310192992892553,-0.3328491962516242,0.22514550830577376,30,Season 2
Bertholdt Hoover,2,6,Warrior,2017-05-06,3,-0.23203391282810926,0.6413544361260177,0.9777240175086053,31,Season 2
Bertholdt Hoover,2,9,Opening,2017-05-27,2,-0.23310192992892553,-0.3328491962516242,0.7872940979609031,33,Season 2
Bertholdt Hoover,2,10,Children,2017-06-03,1,-0.23310192992892553,-0.3328491962516242,-0.8936648636093687,62,Season 2
Bertholdt Hoover,2,11,Charge,2017-06-10,6,-0.23301369517437587,-0.1071734261096258,0.22986967411758769,34,Season 2
Bertholdt Hoover,2,12,Scream,2017-06-17,2,-0.23163537675683532,0.4347471703946113,0.7938454445691476,35,Season 2
Bertholdt Hoover,3,15,Descent,2019-05-12,8,-0.23298124641981777,0.30900543585272083,0.22964061839230585,46,Season 3
Bertholdt Hoover,3,17,Hero,2019-05-26,7,-0.23302826817856953,-0.09899169570395766,-0.4103433168308392,48,Season 3
Bertholdt Hoover,3,18,Midnight Sun,2019-06-02,2,-0.23231229742804504,0.11820722218209731,0.7938454445691476,63,Season 3
Bertholdt Hoover,4,3,The Door of Hope,2020-12-20,1,-0.23310192992892553,-0.3328491962516242,0.23581196046035546,5,Season 4
Bertholdt's father,4,5,Declaration of War,2021-01-10,1,-0.2315225185912798,0.7749504544785338,0.22788891200333183,64,Season 4
Boris Feulner,1,23,Smile - Assault on Stohess (1),2013-09-15,6,0.08953246738220709,-0.20022389931224321,-0.14779128233260708,3,Season 1
Carla Yeager,1,1,"To You, in 2000 Years - The Fall of Shiganshina (1)",2013-04-07,7,-0.23271341135329593,-0.143181991240666,0.07376205957556417,10,Season 1
Carla Yeager,1,22,The Defeated - The 57th Exterior Scouting Mission (6),2013-09-08,1,-0.23310192992892553,-0.3328491962516242,-0.8936648636093687,25,Season 1
Carla Yeager,3,11,Bystander,2018-10-07,4,-0.23310192992892553,-0.3328491962516242,-0.054557084673011846,42,Season 3
Carla Yeager,3,19,The Basement,2019-06-09,1,-0.23310192992892553,-0.3328491962516242,-0.8936648636093687,49,Season 3
Carla Yeager,4,20,Memories of the Future,2022-01-30,3,-0.23310192992892553,-0.3328491962516242,-0.5171725889194606,65,Season 4
Colt Grice,4,1,Other Side of the Sea,2020-12-06,5,-0.23310192992892553,-0.3328491962516242,-0.21707613064655745,66,Season 4
Colt Grice,4,2,Midnight Train,2020-12-13,5,-0.23247016539386725,0.11027066404043903,1.3501735599346048,67,Season 4
Colt Grice,4,6,The War Hammer Titan,2021-01-17,2,-0.23310192992892553,-0.3328491962516242,-0.8897033393808569,68,Season 4
Colt Grice,4,8,Assassin's Bullet,2021-01-31,1,-0.23310192992892553,-0.3328491962516242,-0.8936648636093687,69,Season 4
Colt Grice,4,11,Impostors,2021-02-21,1,-0.23310192992892553,-0.3328491962516242,0.22788891200333183,70,Season 4
Colt Grice,4,17,Judgement,2022-01-09,2,-0.23310192992892553,-0.3328491962516242,-0.8936648636093687,57,Season 4
Colt Grice,4,18,Sneak Attack,2022-01-16,2,-0.23082149254540252,0.10689237244147456,-0.8936648636093687,58,Season 4
Colt Grice,4,19,Two Brothers,2022-01-23,2,-0.23277559544859683,0.21487638604806195,0.7959797880012289,71,Season 4
Colt Grice,4,21,"From You, 2,000 Years Ago",2022-02-06,1,-0.23310192992892553,-0.3328491962516242,-0.8936648636093687,72,Season 4
Connie Springer,1,3,A Dim Light Amid Despair - Humanity's Comeback (1),2013-04-21,3,-0.2327218570316717,-0.2595589348027744,0.22514550830577368,12,Season 1
Connie Springer,1,4,The Night of the Closing Ceremony - Humanity's Comeback (2),2013-04-28,2,-0.23168920204986437,0.03917933078085942,-0.8916841014951128,1,Season 1
Connie Springer,1,6,The World the Girl Saw - The Struggle for Trost (2),2013-05-12,1,-0.2281018625159953,1.434562807518182,2.4789195116857567,14,Season 1
Connie Springer,1,7,Small Blade - The Struggle for Trost (3),2013-05-19,2,-0.23310192992892553,-0.3328491962516242,-0.32953551183998353,15,Season 1
Connie Springer,1,8,I Can Hear His Heartbeat - The Struggle for Trost (4),2013-05-26,4,-0.23173062760475108,0.320483573211397,0.23520290019487855,16,Season 1
Connie Springer,1,9,Whereabouts of His Left Arm - The Struggle for Trost (5),2013-06-02,1,-0.23310192992892553,-0.3328491962516242,1.3518789286779398,73,Season 1
Connie Springer,1,12,Wound - The Struggle for Trost (8),2013-06-23,1,-0.23310192992892553,-0.3328491962516242,0.2306323157008899,19,Season 1
Connie Springer,1,16,What Needs to Be Done Now - Eve of the Counterattack (3),2013-07-28,7,-0.2330826972345214,-0.16428517980865157,0.22767101440810267,2,Season 1
Connie Springer,1,18,Forest of Giant Trees - The 57th Exterior Scouting Mission (2),2013-08-11,1,-0.23310192992892553,-0.3328491962516242,0.22514550830577376,22,Season 1
Connie Springer,1,20,Erwin Smith - The 57th Exterior Scouting Mission (4),2013-08-25,1,-0.23310192992892553,-0.3328491962516242,-0.8936648636093687,23,Season 1
Connie Springer,2,2,I'm Home,2017-04-08,2,-0.23310192992892553,-0.3328491962516242,-0.8897033393808569,29,Season 2
Connie Springer,2,4,Soldier,2017-04-22,13,-0.23287654701460878,-0.02471738274381554,-0.28794652422288214,61,Season 2
Connie Springer,2,5,Historia,2017-04-29,3,-0.23319328773436918,0.02818502990457128,-0.5180870568186466,30,Season 2
Connie Springer,2,8,The Hunters,2017-05-20,1,-0.23310192992892553,-0.3328491962516242,1.347917404449428,32,Season 2
Connie Springer,2,10,Children,2017-06-03,2,1.7020902242843436,0.050518460304390174,1.357365736073056,62,Season 2
Connie Springer,2,11,Charge,2017-06-10,6,-0.23310192992892553,-0.3328491962516242,0.6059559086305113,34,Season 2
Connie Springer,3,1,Smoke Signal,2018-07-22,5,-0.23287388619057323,-0.2888750393823143,-0.44339731114575365,36,Season 3
Connie Springer,3,8,Outside the Walls of Orvud District,2018-09-09,1,-0.23310192992892553,-0.3328491962516242,0.22788891200333183,40,Season 3
Connie Springer,3,11,Bystander,2018-10-07,4,-0.23334201071175423,-0.041470313255049504,-0.0518136809754538,42,Season 3
Connie Springer,3,15,Descent,2019-05-12,1,3.638422597189374,0.653756901206954,1.3601091397706142,46,Season 3
Connie Springer,4,8,Assassin's Bullet,2021-01-31,4,-0.23310192992892553,-0.3328491962516242,-0.3322021248786289,69,Season 4
Connie Springer,4,9,Brave Volunteers,2021-02-07,3,0.4118169613138137,0.15161093024289182,1.350660808146986,54,Season 4
Connie Springer,4,13,Children of the Forest,2021-03-07,1,-0.23310192992892553,-0.3328491962516242,-0.8936648636093687,74,Season 4
Connie Springer,4,16,Heaven and Earth,2021-03-28,3,-0.23234178413441786,-0.1862686733539246,-0.5188991371726158,56,Season 4
Connie Springer,4,17,Judgement,2022-01-09,1,3.636056777906663,0.9708796042581865,2.4734327042906403,57,Season 4
Connie Springer,4,18,Sneak Attack,2022-01-16,1,-0.23310192992892553,-0.3328491962516242,0.2330685567627974,58,Season 4
Connie Springer,4,22,Thaw,2022-02-13,1,-0.23310192992892553,-0.3328491962516242,1.3506608081469862,59,Season 4
Connie Springer,4,23,Sunset,2022-02-20,1,-0.2315225185912798,0.7749504544785338,0.233375719398448,6,Season 4
Connie Springer,4,24,Pride,2022-02-27,8,-0.23310192992892553,-0.3328491962516242,-0.6111433925255685,60,Season 4
Connie Springer,4,26,Traitor,2022-03-13,1,-0.23217759539927374,1.4009987442142628,0.2306323157008899,8,Season 4
Daz,4,26,Traitor,2022-03-13,1,-0.23310192992892553,-0.3328491962516242,0.23185043623184365,8,Season 4
Dieter Ness,1,18,Forest of Giant Trees - The 57th Exterior Scouting Mission (2),2013-08-11,2,-0.23211490759481052,0.20526047505768838,-0.3289264515745066,22,Season 1
Dieter Ness,1,22,The Defeated - The 57th Exterior Scouting Mission (6),2013-09-08,3,-0.23336596776764532,0.05635068007171664,0.23540592028337093,25,Season 1
Dimo Reeves,1,6,The World the Girl Saw - The Struggle for Trost (2),2013-05-12,2,-0.23281828639819102,0.5933085219202276,0.7978069687976594,14,Season 1
Dimo Reeves,3,1,Smoke Signal,2018-07-22,2,-0.23250976042922195,-0.07168943762485115,-0.8936648636093687,36,Season 3
Dimo Reeves,3,2,Pain,2018-07-29,10,-0.2331405411047361,-0.07539210703043261,-0.3297494726837741,37,Season 3
Dina Fritz,3,20,That Day,2019-06-16,4,0.25124455545615604,0.1944603653056655,0.23086005517471575,50,Season 3
Dina Fritz,4,15,Sole Salvation,2021-03-21,3,-0.23204898903716173,0.40568390423514783,0.9759974692554502,75,Season 4
Dita Ness,1,16,What Needs to Be Done Now - Eve of the Counterattack (3),2013-07-28,2,-0.23310192992892553,-0.3328491962516242,-0.8916841014951128,2,Season 1
Dita Ness,1,17,Female Titan - The 57th Exterior Scouting Mission (1),2013-08-04,5,-0.23287388619057323,-0.2888750393823143,-0.8883009212685128,21,Season 1
Dita Ness,1,18,Forest of Giant Trees - The 57th Exterior Scouting Mission (2),2013-08-11,1,-0.23310192992892553,-0.3328491962516242,0.2330685567627974,22,Season 1
Dot Pixis,1,5,First Battle - The Struggle for Trost (1),2013-05-05,2,-0.2327070770945141,-0.05589928356908466,-0.3281638099912044,13,Season 1
Dot Pixis,1,10,Response - The Struggle for Trost (6),2013-06-09,8,0.7348053750847849,0.22369821456575867,-0.4727776676218677,17,Season 1
Dot Pixis,1,11,Idol - The Struggle for Trost (7),2013-06-16,11,0.1192432131161226,0.9128782367282984,0.02964944641564865,18,Season 1
Dot Pixis,1,12,Wound - The Struggle for Trost (8),2013-06-23,5,-0.2304714673536773,1.5747269523240677,0.4583559143124303,19,Season 1
Dot Pixis,1,13,Primal Desire - The Struggle for Trost (9),2013-06-30,1,-0.23076727536754915,3.4945267255818484,1.364070663999126,76,Season 1
Dot Pixis,1,14,Can't Look Into His Eyes - Eve of the Counterattack (1),2013-07-14,3,-0.23310192992892553,-0.3328491962516242,0.22778652445811495,20,Season 1
Dot Pixis,2,2,I'm Home,2017-04-08,2,-0.2327070770945141,-0.05589928356908466,-0.8796459474917521,29,Season 2
Dot Pixis,2,8,The Hunters,2017-05-20,5,-0.23264584245222092,-0.24490088251300443,-0.44534840999760933,32,Season 2
Dot Pixis,2,12,Scream,2017-06-17,1,-0.23310192992892553,-0.3328491962516242,0.22910703253428558,35,Season 2
Dot Pixis,3,3,Old Story,2018-08-05,6,0.7349987493949633,0.28920449001725296,-0.14449001214218052,77,Season 3
Dot Pixis,3,4,Trust,2018-08-12,3,-0.23310192992892553,-0.3328491962516242,0.6055993072241936,78,Season 3
Dot Pixis,3,5,Reply,2018-08-19,16,-0.11146551121907523,0.5268351724272686,0.8606668822408192,79,Season 3
Dot Pixis,3,6,Sin,2018-08-26,7,0.04616556487920622,0.7795181767823487,0.7095989191495924,38,Season 3
Dot Pixis,3,12,Night of the Battle to Retake the Wall,2018-10-14,1,-0.23310192992892553,-0.3328491962516242,0.2330685567627974,43,Season 3
Dot Pixis,4,9,Brave Volunteers,2021-02-07,1,-0.23261678804515795,0.5130698778306544,1.354622332375498,54,Season 4
Dot Pixis,4,11,Impostors,2021-02-21,1,-0.23358209149458295,0.24990856974152514,-0.8936648636093687,70,Season 4
Dot Pixis,4,16,Heaven and Earth,2021-03-28,9,1.2720714684459786,0.2670600062472701,1.0995976999902362,56,Season 4
Dot Pixis,4,18,Sneak Attack,2022-01-16,2,-0.23174211491422192,0.3309860212867295,0.792627324038194,58,Season 4
Eld Jinn,1,15,Special Operations Squad - Eve of the Counterattack (2),2013-07-21,4,-0.23300323501230827,-0.2893225698138287,-0.6125905687818041,80,Season 1
Eld Jinn,1,16,What Needs to Be Done Now - Eve of the Counterattack (3),2013-07-28,2,-0.232904540095691,-0.2457959433760332,-0.3342596776517975,2,Season 1
Eld Jinn,1,19,Bite - The 57th Exterior Scouting Mission (3),2013-08-18,6,0.08946669516044307,-0.1949605146269877,0.04243561712660286,81,Season 1
Eld Jinn,1,20,Erwin Smith - The 57th Exterior Scouting Mission (4),2013-08-25,6,-0.23270712587314235,-0.12446155485665632,0.228700992357301,23,Season 1
Eld Jinn,1,21,Crushing Blow - The 57th Exterior Scouting Mission (5),2013-09-01,4,-0.23252950105855608,0.5532866143427069,1.080329756132916,24,Season 1
Eren Yeager,1,1,"To You, in 2000 Years - The Fall of Shiganshina (1)",2013-04-07,16,-0.23210474073285262,0.15634876509379408,0.5118006244749113,10,Season 1
Eren Yeager,1,2,That Day - The Fall of Shiganshina (2),2013-04-14,8,0.251671854776635,0.5178101929603486,1.0741200187354099,11,Season 1
Eren Yeager,1,3,A Dim Light Amid Despair - Humanity's Comeback (1),2013-04-21,16,-0.23289972603630685,-0.14755713756972585,0.01919702039855525,12,Season 1
Eren Yeager,1,4,The Night of the Closing Ceremony - Humanity's Comeback (2),2013-04-28,14,-0.2328394688626553,-0.05766335301633978,-0.1697493390857704,1,Season 1
Eren Yeager,1,5,First Battle - The Struggle for Trost (1),2013-05-05,6,0.09023573654820873,0.5972655726575375,0.7957255741401281,13,Season 1
Eren Yeager,1,6,The World the Girl Saw - The Struggle for Trost (2),2013-05-12,4,1.7027590285468417,0.20398047891546045,-0.3289264515745066,14,Season 1
Eren Yeager,1,9,Whereabouts of His Left Arm - The Struggle for Trost (5),2013-06-02,3,-0.23257545948304362,0.036417353991761825,1.3537078644763119,73,Season 1
Eren Yeager,1,10,Response - The Struggle for Trost (6),2013-06-09,19,-0.029346529037980785,-0.19614681874519274,-0.5371803066185538,17,Season 1
Eren Yeager,1,11,Idol - The Struggle for Trost (7),2013-06-16,5,-0.23310192992892553,-0.3328491962516242,-0.21908655602321353,18,Season 1
Eren Yeager,1,12,Wound - The Struggle for Trost (8),2013-06-23,2,-0.23231222426010267,0.22105062911345483,0.23520290019487866,19,Season 1
Eren Yeager,1,13,Primal Desire - The Struggle for Trost (9),2013-06-30,3,-0.23193215136284884,0.2943408905623046,0.23540592028337093,76,Season 1
Eren Yeager,1,14,Can't Look Into His Eyes - Eve of the Counterattack (1),2013-07-14,6,1.3806181789867378,0.39183172109641445,0.41674410961376274,20,Season 1
Eren Yeager,1,15,Special Operations Squad - Eve of the Counterattack (2),2013-07-21,12,-0.2329082167879948,-0.2710000044516162,0.22837086533825834,80,Season 1
Eren Yeager,1,16,What Needs to Be Done Now - Eve of the Counterattack (3),2013-07-28,3,-0.23310192992892553,-0.3328491962516242,-0.8936648636093687,2,Season 1
Eren Yeager,1,18,Forest of Giant Trees - The 57th Exterior Scouting Mission (2),2013-08-11,2,-0.23310192992892553,-0.3328491962516242,-0.8916841014951128,22,Season 1
Eren Yeager,1,19,Bite - The 57th Exterior Scouting Mission (3),2013-08-18,7,-0.23300586041293536,0.47866017364947283,-0.4080357083237394,81,Season 1
Eren Yeager,1,20,Erwin Smith - The 57th Exterior Scouting Mission (4),2013-08-25,3,-0.2328386947059846,-0.14821592112993115,0.606210122491612,23,Season 1
Eren Yeager,1,21,Crushing Blow - The 57th Exterior Scouting Mission (5),2013-09-01,4,0.7344065189219745,-0.05765810771898455,-0.046175924765424446,24,Season 1
Eren Yeager,1,22,The Defeated - The 57th Exterior Scouting Mission (6),2013-09-08,1,-0.23310192992892553,-0.3328491962516242,-0.8936648636093687,25,Season 1
Eren Yeager,1,23,Smile - Assault on Stohess (1),2013-09-15,5,0.15382247904455223,-0.27816274337507624,0.0035781568807917276,3,Season 1
Eren Yeager,1,24,Mercy - Assault on Stohess (2),2013-09-22,3,-0.23323896663709098,0.20870214298266904,-0.5180870568186466,26,Season 1
Eren Yeager,1,25,Wall: Raid on Stohess District (3),2013-09-29,5,-0.23286503286186716,-0.18724793002837198,-0.21859930781083203,27,Season 1
Eren Yeager,2,2,I'm Home,2017-04-08,5,-0.23208418052175037,0.26502478598276474,0.00881923416738739,29,Season 2
Eren Yeager,2,5,Historia,2017-04-29,3,-0.23314760883164734,-0.15233208317352642,-0.5139207574997011,30,Season 2
Eren Yeager,2,6,Warrior,2017-05-06,5,-0.23310192992892553,-0.3328491962516242,0.22861978432190408,31,Season 2
Eren Yeager,2,7,Close Combat,2017-05-13,14,0.7348387713015317,-0.01033800244878031,0.1504547590200827,4,Season 2
Eren Yeager,2,8,The Hunters,2017-05-20,1,-0.23310192992892553,-0.3328491962516242,-0.8936648636093687,32,Season 2
Eren Yeager,2,9,Opening,2017-05-27,17,0.9052383350960466,-0.07548284891077492,0.3623094122716129,33,Season 2
Eren Yeager,2,10,Children,2017-06-03,3,-0.23310192992892553,-0.3328491962516242,0.2313420085096422,62,Season 2
Eren Yeager,2,12,Scream,2017-06-17,4,-0.2331361891059669,-0.19746136144305088,0.2308600551747157,35,Season 2
Eren Yeager,3,1,Smoke Signal,2018-07-22,5,-0.23287388619057323,-0.2888750393823143,-0.2202453500293669,36,Season 3
Eren Yeager,3,6,Sin,2018-08-26,2,-0.23310192992892553,-0.3328491962516242,-0.8936648636093687,38,Season 3
Eren Yeager,3,7,Wish,2018-09-02,3,0.4117720850268707,-0.24170510812404428,0.23144439605485911,39,Season 3
Eren Yeager,3,8,Outside the Walls of Orvud District,2018-09-09,4,-0.23277559544859683,0.21487638604806203,-0.6116001877246761,40,Season 3
Eren Yeager,3,9,Ruler of the Walls,2018-09-16,7,-0.23302826817856953,-0.09899169570395766,-0.08876751687620704,41,Season 3
Eren Yeager,3,11,Bystander,2018-10-07,6,-0.2327957375462673,-0.02893961363235195,-0.3313644476383556,42,Season 3
Eren Yeager,3,12,Night of the Battle to Retake the Wall,2018-10-14,6,0.41239255369570454,0.10647698498554739,0.04202957694961832,43,Season 3
Eren Yeager,3,13,The Town Where Everything Began,2019-04-28,7,-0.23248778116220367,0.015075101720785173,0.39259445583263824,44,Season 3
Eren Yeager,3,14,Thunder Spears,2019-05-05,1,-0.2315225185912798,0.7749504544785338,1.3534042118445442,45,Season 3
Eren Yeager,3,15,Descent,2019-05-12,4,-0.23310192992892553,-0.3328491962516242,-0.6079431936289027,46,Season 3
Eren Yeager,3,16,Perfect Game,2019-05-19,2,0.734976591683884,8.555809886113541e-4,-0.3255739876114717,47,Season 3
Eren Yeager,3,17,Hero,2019-05-26,2,-0.23231222426010267,0.22105062911345483,-0.8922931617605896,48,Season 3
Eren Yeager,3,18,Midnight Sun,2019-06-02,7,-0.23248145735598505,0.08766589411645825,-0.24990345129093844,63,Season 3
Eren Yeager,3,19,The Basement,2019-06-09,8,0.00880740929958021,-0.1617387676288602,-0.33258344567028,49,Season 3
Eren Yeager,3,20,That Day,2019-06-16,1,7.505386249540628,0.7608798612793346,1.3518789286779398,50,Season 3
Eren Yeager,3,21,The Attack Titan,2019-06-23,9,-0.2323708767344171,-0.01338123464051708,-0.6419250218243111,51,Season 3
Eren Yeager,3,22,Beyond the Wall,2019-06-30,10,-0.23217201905092721,0.08743901270604297,0.5670666791199701,52,Season 3
Eren Yeager,4,3,The Door of Hope,2020-12-20,6,-0.23292737954705192,-0.15553738683698431,-0.3298409194736926,5,Season 4
Eren Yeager,4,4,From One Hand to Another,2020-12-27,8,-0.23310192992892553,-0.3328491962516242,-0.0532237781536892,82,Season 4
Eren Yeager,4,5,Declaration of War,2021-01-10,10,-0.039086946107599156,0.06165522655593359,0.22980824159045765,64,Season 4
Eren Yeager,4,6,The War Hammer Titan,2021-01-17,5,-0.23310192992892553,-0.3328491962516242,-0.892080253917964,68,Season 4
Eren Yeager,4,7,Assault,2021-01-24,2,-0.23253182058304478,-0.22291380407834951,-0.8916841014951128,53,Season 4
Eren Yeager,4,8,Assassin's Bullet,2021-01-31,3,-0.2328386947059846,-0.14821592112993115,-0.5179846692734298,69,Season 4
Eren Yeager,4,9,Brave Volunteers,2021-02-07,5,-0.23294398879516096,-0.22206923117860838,-0.22048897413555765,54,Season 4
Eren Yeager,4,14,Violence,2021-03-21,15,-0.10332002424329781,0.053272257965840314,0.4505938779246472,55,Season 4
Eren Yeager,4,15,Sole Salvation,2021-03-21,5,1.3149115882325144,0.10745654540059921,0.23227625191709506,75,Season 4
Eren Yeager,4,16,Heaven and Earth,2021-03-28,9,-0.23299879733983198,-0.022525603753119745,-0.2681420216502222,56,Season 4
Eren Yeager,4,19,Two Brothers,2022-01-23,7,0.5962808554422275,0.6585662541767772,0.7127766137502305,71,Season 4
Eren Yeager,4,20,Memories of the Future,2022-01-30,10,0.15514722812337345,0.3985066968788589,0.12033483519961548,65,Season 4
Eren Yeager,4,21,"From You, 2,000 Years Ago",2022-02-06,11,-0.05672599023024607,0.158000460686677,0.843384607377539,72,Season 4
Eren Yeager,4,22,Thaw,2022-02-13,6,0.08967916975254145,0.038342635280905216,1.3545711386028894,59,Season 4
Eren Yeager,4,28,The Dawn of Humanity,2022-04-03,12,-0.23298193269708023,-0.05194499255999477,0.32348431506786335,83,Season 4
Erwin Smith,1,9,Whereabouts of His Left Arm - The Struggle for Trost (5),2013-06-02,1,-0.23310192992892553,-0.3328491962516242,0.24251688838642535,73,Season 1
Erwin Smith,1,13,Primal Desire - The Struggle for Trost (9),2013-06-30,6,0.08946669516044302,-0.19496051462698774,-0.3322789155375416,76,Season 1
Erwin Smith,1,14,Can't Look Into His Eyes - Eve of the Counterattack (1),2013-07-14,16,-0.23292079037505073,-0.17007541692526185,-0.19322733970945116,20,Season 1
Erwin Smith,1,15,Special Operations Squad - Eve of the Counterattack (2),2013-07-21,3,-0.23294021596766967,-0.050876171557531324,-0.14555630635725042,80,Season 1
Erwin Smith,1,16,What Needs to Be Done Now - Eve of the Counterattack (3),2013-07-28,19,-0.23265194436845785,0.016332352077331743,-0.12474617751824801,2,Season 1
Erwin Smith,1,17,Female Titan - The 57th Exterior Scouting Mission (1),2013-08-04,1,-0.23231222426010267,0.22105062911345486,1.3521860913135906,21,Season 1
Erwin Smith,1,18,Forest of Giant Trees - The 57th Exterior Scouting Mission (2),2013-08-11,5,-0.23310192992892553,-0.3328491962516242,-0.8936648636093687,22,Season 1
Erwin Smith,1,19,Bite - The 57th Exterior Scouting Mission (3),2013-08-18,3,-0.2327938184190416,0.24510011723700478,0.2310383558778744,81,Season 1
Erwin Smith,1,20,Erwin Smith - The 57th Exterior Scouting Mission (4),2013-08-25,6,-0.23299192040790817,-0.19907777119500775,0.23251069026992896,23,Season 1
Erwin Smith,1,21,Crushing Blow - The 57th Exterior Scouting Mission (5),2013-09-01,4,-0.23219813957218924,-0.008359976394112623,0.23185043623184362,24,Season 1
Erwin Smith,1,22,The Defeated - The 57th Exterior Scouting Mission (6),2013-09-08,2,2.668831137372157,0.07729920032248538,0.2352029001948786,25,Season 1
Erwin Smith,1,24,Mercy - Assault on Stohess (2),2013-09-22,9,-0.23262425866591965,-0.062241408939750255,-0.1432201128379712,26,Season 1
Erwin Smith,1,25,Wall: Raid on Stohess District (3),2013-09-29,7,-0.232752908676677,0.2574754563027179,0.22989086216215934,27,Season 1
Erwin Smith,2,8,The Hunters,2017-05-20,4,-0.23310192992892553,-0.3328491962516242,-0.33029815342328567,32,Season 2
Erwin Smith,2,9,Opening,2017-05-27,1,-0.23310192992892553,-0.3328491962516242,-0.880255007757229,33,Season 2
Erwin Smith,2,10,Children,2017-06-03,2,-0.23310192992892553,-0.3328491962516242,0.23581196046035546,62,Season 2
Erwin Smith,2,11,Charge,2017-06-10,4,-0.2306334839272008,1.1077445316635512,1.080329756132916,34,Season 2
Erwin Smith,2,12,Scream,2017-06-17,2,2.6700156227074494,0.8053055314387464,-0.32755474972572757,35,Season 2
Erwin Smith,3,1,Smoke Signal,2018-07-22,6,-0.23299315176881596,-0.15027400215172881,-0.1471310282945218,36,Season 3
Erwin Smith,3,2,Pain,2018-07-29,2,-0.23310192992892553,-0.3328491962516242,0.23185043623184365,37,Season 3
Erwin Smith,3,3,Old Story,2018-08-05,25,0.23142657316998402,0.11648358663270528,-0.2194043203624264,77,Season 3
Erwin Smith,3,4,Trust,2018-08-12,3,-0.23310192992892553,-0.3328491962516242,-0.8936648636093687,78,Season 3
Erwin Smith,3,5,Reply,2018-08-19,17,-0.004515577300875347,0.266129671822551,0.296801722438926,79,Season 3
Erwin Smith,3,6,Sin,2018-08-26,7,-0.23276583846998888,0.1321184017036021,0.2305006745713254,38,Season 3
Erwin Smith,3,8,Outside the Walls of Orvud District,2018-09-09,7,-0.2327761531598508,-0.27002897215261007,0.23045679419480383,40,Season 3
Erwin Smith,3,9,Ruler of the Walls,2018-09-16,16,-0.2328067057945966,-0.0470983127157808,-0.11888271391140726,41,Season 3
Erwin Smith,3,12,Night of the Battle to Retake the Wall,2018-10-14,13,-0.2328485875030701,-0.07165324113153769,-0.02900909268405865,43,Season 3
Erwin Smith,3,13,The Town Where Everything Began,2019-04-28,12,-0.23288672601347912,-0.1942212828809337,0.13940359954088408,44,Season 3
Erwin Smith,3,14,Thunder Spears,2019-05-05,11,-0.2325799830201498,0.03849817427304095,0.12942012528891947,45,Season 3
Erwin Smith,3,16,Perfect Game,2019-05-19,23,-0.23267520205794837,-0.07894117045117473,-0.1090149035289681,47,Season 3
Erwin Smith,3,18,Midnight Sun,2019-06-02,7,-0.2322240347256681,0.15514503634720203,-0.4107791120212975,63,Season 3
Erwin Smith,3,19,The Basement,2019-06-09,2,-0.23191737142569124,0.4980005417959943,0.7938454445691476,49,Season 3
Erwin Smith,3,22,Beyond the Wall,2019-06-30,2,-0.23310192992892553,-0.3328491962516242,-0.32633662919477385,52,Season 3
Falco Grice,4,1,Other Side of the Sea,2020-12-06,3,-0.23297033670676917,-0.27481369433456354,-0.14647077425643645,66,Season 4
Falco Grice,4,2,Midnight Train,2020-12-13,7,0.3200298707151496,0.11565577265640865,0.06840689331001253,67,Season 4
Falco Grice,4,3,The Door of Hope,2020-12-20,4,-0.23310192992892553,-0.3328491962516242,-0.6139622706305831,5,Season 4
Falco Grice,4,4,From One Hand to Another,2020-12-27,4,-0.23310192992892553,-0.3328491962516242,-0.8936648636093687,82,Season 4
Falco Grice,4,5,Declaration of War,2021-01-10,3,0.4117720850268707,-0.24170510812404428,0.6038727589710384,64,Season 4
Falco Grice,4,7,Assault,2021-01-24,2,-0.23310192992892553,-0.3328491962516242,-0.32755474972572757,53,Season 4
Falco Grice,4,8,Assassin's Bullet,2021-01-31,2,-0.23310192992892553,-0.3328491962516242,0.22712627042002964,69,Season 4
Falco Grice,4,11,Impostors,2021-02-21,10,-0.03952570357301054,-0.2835188913786953,-0.21972738555342036,70,Season 4
Falco Grice,4,13,Children of the Forest,2021-03-07,1,-0.23310192992892553,-0.3328491962516242,-0.8936648636093687,74,Season 4
Falco Grice,4,18,Sneak Attack,2022-01-16,6,-0.23297031231745505,-0.24053255869077766,-0.5153436531210887,58,Season 4
Falco Grice,4,23,Sunset,2022-02-20,3,-0.23310192992892553,-0.3328491962516242,-0.8936648636093687,6,Season 4
Falco Grice,4,24,Pride,2022-02-27,2,0.7342090925047688,-0.19613306406025433,-0.3315162739542394,60,Season 4
Fay Yeager,3,19,The Basement,2019-06-09,1,-0.23310192992892553,-0.3328491962516242,-0.8936648636093687,49,Season 3
Flegel Reeves,3,2,Pain,2018-07-29,1,-0.23310192992892553,-0.3328491962516242,-0.8897033393808569,37,Season 3
Flegel Reeves,3,3,Old Story,2018-08-05,1,-0.23296744740398137,0.6414121049864691,1.347917404449428,77,Season 3
Flegel Reeves,3,4,Trust,2018-08-12,3,1.0573041148720768,0.20817876087641066,0.2317480486866268,78,Season 3
Flegel Reeves,3,5,Reply,2018-08-19,1,1.7015201149384631,-0.05941693186888448,2.48013763221671,79,Season 3
Flegel Reeves,4,11,Impostors,2021-02-21,1,-0.23248284172259462,1.9404659864648324,1.3521860913135906,70,Season 4
Floch Forster,3,16,Perfect Game,2019-05-19,2,0.7356292606445414,1.0963067455879836,0.7958262066834036,47,Season 3
Floch Forster,3,18,Midnight Sun,2019-06-02,9,-0.2326047116121331,0.4202192790405242,-0.017654429577857265,63,Season 3
Floch Forster,3,19,The Basement,2019-06-09,1,-0.23310192992892553,-0.3328491962516242,0.22514550830577376,49,Season 3
Floch Forster,3,22,Beyond the Wall,2019-06-30,9,0.8418635851460287,-0.057853532624529004,-0.02076974427066104,52,Season 3
Floch Forster,4,6,The War Hammer Titan,2021-01-17,2,1.7040201486449278,0.8242890700160186,1.3599555584527887,68,Season 4
Floch Forster,4,7,Assault,2021-01-24,1,-0.23310192992892553,-0.3328491962516242,-0.8936648636093687,53,Season 4
Floch Forster,4,8,Assassin's Bullet,2021-01-31,3,-0.23219538658578978,0.10970761544061164,1.3525921314905751,69,Season 4
Floch Forster,4,11,Impostors,2021-02-21,2,-0.23185005699527678,1.0879745993463985,-0.32420228576269267,70,Season 4
Floch Forster,4,13,Children of the Forest,2021-03-07,3,-0.23310192992892553,-0.3328491962516242,0.6029582910718524,74,Season 4
Floch Forster,4,14,Violence,2021-03-21,12,-0.0709680640361145,0.08385918905486162,0.9776984206223011,55,Season 4
Floch Forster,4,17,Judgement,2022-01-09,3,-0.2327785020064138,0.23109685313656153,1.3568573083508546,57,Season 4
Floch Forster,4,18,Sneak Attack,2022-01-16,1,-0.23310192992892553,-0.3328491962516242,0.22910703253428558,58,Season 4
Floch Forster,4,21,"From You, 2,000 Years Ago",2022-02-06,1,-0.2325862976764336,1.3041533075820413,2.4789195116857567,72,Season 4
Floch Forster,4,22,Thaw,2022-02-13,4,4.121081345091138,1.0192134283271939,1.076519180719317,59,Season 4
Floch Forster,4,23,Sunset,2022-02-20,9,-0.23272484647766623,0.44290738218990033,-0.14318598365623228,6,Season 4
Floch Forster,4,24,Pride,2022-02-27,3,3.639023503796515,1.8236587922846554,2.103239317349818,60,Season 4
Floch Forster,4,26,Traitor,2022-03-13,8,0.25088131852969836,0.4373425468300857,0.09295112547012241,8,Season 4
Floch Forster,4,27,Retrospective,2022-03-20,2,0.7362733044570493,1.8813096575188673,1.9201233859936622,9,Season 4
Frieda Reiss,3,6,Sin,2018-08-26,4,-0.23310192992892553,-0.3328491962516242,-0.8936648636093687,38,Season 3
Frieda Reiss,3,9,Ruler of the Walls,2018-09-16,1,-0.23179659200761074,1.8580531329471204,-0.8936648636093687,41,Season 3
Frieda Reiss,4,20,Memories of the Future,2022-01-30,7,1.7024226357028318,0.5736114399769201,0.7139523581920411,65,Season 4
Frieda Reiss,4,21,"From You, 2,000 Years Ago",2022-02-06,4,-0.23310192992892553,-0.3328491962516242,-0.8936648636093687,72,Season 4
Gabi Braun,4,1,Other Side of the Sea,2020-12-06,19,-0.02862597681310101,0.15906688152211793,0.1692282691052987,66,Season 4
Gabi Braun,4,2,Midnight Train,2020-12-13,7,-0.23310192992892553,-0.3328491962516242,-0.25125321295145675,67,Season 4
Gabi Braun,4,4,From One Hand to Another,2020-12-27,9,-0.01750061682346532,-0.044544296971888095,0.10367786600112744,82,Season 4
Gabi Braun,4,5,Declaration of War,2021-01-10,2,-0.2334294683329225,-0.019825051383759562,0.2284979722688087,64,Season 4
Gabi Braun,4,6,The War Hammer Titan,2021-01-17,2,-0.23253182058304478,-0.22291380407834951,-0.8922931617605896,68,Season 4
Gabi Braun,4,7,Assault,2021-01-24,3,-0.2328386947059846,-0.14821592112993115,-0.5171725889194606,53,Season 4
Gabi Braun,4,8,Assassin's Bullet,2021-01-31,19,0.3789551910648464,0.2704775014947075,0.46801496572374396,69,Season 4
Gabi Braun,4,11,Impostors,2021-02-21,14,1.5635617382988762,0.07630858561513312,1.0315008133533792,70,Season 4
Gabi Braun,4,13,Children of the Forest,2021-03-07,4,-0.2315668584027526,0.1639715007774647,1.3499749572225967,74,Season 4
Gabi Braun,4,14,Violence,2021-03-21,1,-0.23310192992892553,-0.3328491962516242,-0.8936648636093687,55,Season 4
Gabi Braun,4,16,Heaven and Earth,2021-03-28,3,1.7030699664017936,0.6410634163938941,0.6039751465162554,56,Season 4
Gabi Braun,4,17,Judgement,2022-01-09,2,-0.23310192992892553,-0.3328491962516242,-0.3342596776517975,57,Season 4
Gabi Braun,4,18,Sneak Attack,2022-01-16,2,-0.232904540095691,-0.2457959433760332,-0.3315162739542394,58,Season 4
Gabi Braun,4,19,Two Brothers,2022-01-23,1,-0.23310192992892553,-0.3328491962516242,0.2330685567627974,71,Season 4
Gabi Braun,4,22,Thaw,2022-02-13,7,-0.23310192992892553,-0.3328491962516242,-0.2512970933279782,59,Season 4
Gabi Braun,4,24,Pride,2022-02-27,1,-0.23310192992892553,-0.3328491962516242,1.3466992839184744,60,Season 4
Gabi Braun,4,25,Night of the End,2022-03-06,5,-0.23203181384175176,-0.046172603701368865,0.6807155705831146,7,Season 4
Gelgar,2,1,Beast Titan,2017-04-01,1,-0.23310192992892553,-0.3328491962516242,0.24129876785547164,28,Season 2
Gelgar,2,4,Soldier,2017-04-22,7,0.5961417968266054,0.09690961229419949,-0.5732209277200256,61,Season 2
Grisha Yeager,1,1,"To You, in 2000 Years - The Fall of Shiganshina (1)",2013-04-07,1,-0.23310192992892553,-0.3328491962516242,-0.8936648636093687,10,Season 1
Grisha Yeager,1,2,That Day - The Fall of Shiganshina (2),2013-04-14,1,1.702309820607286,0.49448289349619456,-0.8936648636093687,11,Season 1
Grisha Yeager,1,6,The World the Girl Saw - The Struggle for Trost (2),2013-05-12,5,-0.23202296051304566,0.05545450565257345,-0.22000172592317616,14,Season 1
Grisha Yeager,1,9,Whereabouts of His Left Arm - The Struggle for Trost (5),2013-06-02,3,-0.23257545948304362,0.036417353991761825,-0.14372737055887833,73,Season 1
Grisha Yeager,3,8,Outside the Walls of Orvud District,2018-09-09,1,-0.2315225185912798,0.7749504544785338,-0.8909214599118106,40,Season 3
Grisha Yeager,3,11,Bystander,2018-10-07,6,-0.2323096272806463,0.12599881790356193,-0.1473340483830141,42,Season 3
Grisha Yeager,3,19,The Basement,2019-06-09,5,-0.23310192992892553,-0.3328491962516242,-0.8936648636093687,49,Season 3
Grisha Yeager,3,20,That Day,2019-06-16,21,-0.14020419946082133,0.31455046941281045,0.8147591472955018,50,Season 3
Grisha Yeager,3,21,The Attack Titan,2019-06-23,5,0.15413836131208136,-0.056602813229044625,-0.4453484099976094,51,Season 3
Grisha Yeager,3,22,Beyond the Wall,2019-06-30,5,-0.23247016539386725,0.11027066404043903,1.1298857615677065,52,Season 3
Grisha Yeager,4,15,Sole Salvation,2021-03-21,8,0.2512939212064503,0.24193453025740266,0.7923227939054556,75,Season 4
Grisha Yeager,4,20,Memories of the Future,2022-01-30,15,0.02514528675983339,-0.0026247856233215126,0.005284227624903599,65,Season 4
Grisha Yeager,4,21,"From You, 2,000 Years Ago",2022-02-06,3,-0.23310192992892553,-0.3328491962516242,-0.8936648636093687,72,Season 4
Gunther Schultz,1,15,Special Operations Squad - Eve of the Counterattack (2),2013-07-21,1,-0.23310192992892553,-0.3328491962516242,-0.8936648636093687,80,Season 1
Gunther Schultz,1,20,Erwin Smith - The 57th Exterior Scouting Mission (4),2013-08-25,2,-0.23310192992892553,-0.3328491962516242,-0.8909214599118107,23,Season 1
Gunther Schultz,1,21,Crushing Blow - The 57th Exterior Scouting Mission (5),2013-09-01,1,-0.23310192992892553,-0.3328491962516242,2.474650824821594,24,Season 1
Hange Zoë,1,9,Whereabouts of His Left Arm - The Struggle for Trost (5),2013-06-02,2,-0.23095852925356797,0.6484437116757678,0.22712627042002964,73,Season 1
Hange Zoë,1,14,Can't Look Into His Eyes - Eve of the Counterattack (1),2013-07-14,3,-0.23310192992892553,-0.3328491962516242,-0.8936648636093687,20,Season 1
Hange Zoë,1,15,Special Operations Squad - Eve of the Counterattack (2),2013-07-21,34,-0.061638434576176356,0.049501541812214424,-0.13471624146827638,80,Season 1
Hange Zoë,1,17,Female Titan - The 57th Exterior Scouting Mission (1),2013-08-04,1,-0.23310192992892553,-0.3328491962516242,-0.8909214599118106,21,Season 1
Hange Zoë,1,19,Bite - The 57th Exterior Scouting Mission (3),2013-08-18,10,-0.03939870038721875,0.20076288943306084,-0.7796505359869381,81,Season 1
Hange Zoë,1,20,Erwin Smith - The 57th Exterior Scouting Mission (4),2013-08-25,2,-0.23310192992892553,-0.3328491962516242,-0.8897033393808569,23,Season 1
Hange Zoë,1,21,Crushing Blow - The 57th Exterior Scouting Mission (5),2013-09-01,2,-0.2321672662994122,0.6993485969463651,0.23108779464854146,24,Season 1
Hange Zoë,1,24,Mercy - Assault on Stohess (2),2013-09-22,3,-0.2328386947059846,-0.14821592112993115,-0.51585208084329,26,Season 1
Hange Zoë,1,25,Wall: Raid on Stohess District (3),2013-09-29,2,-0.23250976042922195,-0.07168943762485115,-0.3315162739542394,27,Season 1
Hange Zoë,2,1,Beast Titan,2017-04-01,7,0.8730277739406093,0.350923421970889,-0.2486414503834632,28,Season 2
Hange Zoë,2,2,I'm Home,2017-04-08,2,-0.23310192992892553,-0.3328491962516242,-0.8936648636093687,29,Season 2
Hange Zoë,2,6,Warrior,2017-05-06,22,-0.2330980481022555,-0.1551617115635067,-0.4336702179588399,31,Season 2
Hange Zoë,2,7,Close Combat,2017-05-13,5,-0.23184052300123728,0.6163366316521132,0.011806261971136232,4,Season 2
Hange Zoë,2,8,The Hunters,2017-05-20,5,-0.23253683877730108,-0.18403778543863075,-0.22079403076887852,32,Season 2
Hange Zoë,2,9,Opening,2017-05-27,2,-0.23310192992892553,-0.3328491962516242,-0.3342596776517975,33,Season 2
Hange Zoë,2,10,Children,2017-06-03,2,-0.2333074849911737,0.47947781259981576,-0.8916841014951128,62,Season 2
Hange Zoë,2,12,Scream,2017-06-17,1,-0.23310192992892553,-0.3328491962516242,-0.8936648636093687,35,Season 2
Hange Zoë,3,1,Smoke Signal,2018-07-22,13,0.8093537794152349,0.22858459530480574,0.1423651572829417,36,Season 3
Hange Zoë,3,2,Pain,2018-07-29,6,-0.2334523077842834,0.07043350515528927,-0.1424580562553162,37,Season 3
Hange Zoë,3,3,Old Story,2018-08-05,14,-0.09450742004848295,-0.234793040100518,0.06788408951020031,77,Season 3
Hange Zoë,3,4,Trust,2018-08-12,8,-0.23233441245782466,-0.11014969946991914,0.9316021092073716,78,Season 3
Hange Zoë,3,5,Reply,2018-08-19,18,-0.23291189348029862,-0.2962040655271993,-0.580310861954541,79,Season 3
Hange Zoë,3,7,Wish,2018-09-02,1,-0.23196171123716403,-0.11297841190507484,0.23855536415791354,39,Season 3
Hange Zoë,3,8,Outside the Walls of Orvud District,2018-09-09,10,-0.23298348139539635,-0.2600485631399981,-0.5558884616039096,40,Season 3
Hange Zoë,3,9,Ruler of the Walls,2018-09-16,5,-0.23336396065212311,-0.08242988035733258,-0.6680131229016146,41,Season 3
Hange Zoë,3,11,Bystander,2018-10-07,4,0.25096754402398497,0.19972719188911445,0.23223175702349477,42,Season 3
Hange Zoë,3,12,Night of the Battle to Retake the Wall,2018-10-14,11,-0.2330301385044871,-0.2824946666729806,-0.5877865611695413,43,Season 3
Hange Zoë,3,13,The Town Where Everything Began,2019-04-28,4,-0.23281687525598516,-0.27788150016498686,0.7888935392835079,44,Season 3
Hange Zoë,3,14,Thunder Spears,2019-05-05,13,0.21363282481119247,0.12144029266629207,-0.3752514189509469,45,Season 3
Hange Zoë,3,15,Descent,2019-05-12,2,-0.23266885729121023,0.3186375351559436,0.24053612627216944,46,Season 3
Hange Zoë,3,18,Midnight Sun,2019-06-02,8,-0.23245260833335168,-0.03212962998159863,-0.04987131419065419,63,Season 3
Hange Zoë,3,19,The Basement,2019-06-09,9,-0.23302368799184223,-0.21006283144643578,-0.5192039598056778,49,Season 3
Hange Zoë,3,21,The Attack Titan,2019-06-23,21,-0.048423899703701444,-0.09276510734403608,0.4426349384402163,51,Season 3
Hange Zoë,3,22,Beyond the Wall,2019-06-30,4,0.2514672332213078,1.153364885384081,0.23055552504197724,52,Season 3
Hange Zoë,4,7,Assault,2021-01-24,1,-0.23310192992892553,-0.3328491962516242,-0.8936648636093687,53,Season 4
Hange Zoë,4,8,Assassin's Bullet,2021-01-31,1,-0.23310192992892553,-0.3328491962516242,1.347917404449428,69,Season 4
Hange Zoë,4,9,Brave Volunteers,2021-02-07,7,-0.23252482360298046,0.08614045171353366,0.7088150895217187,54,Season 4
Hange Zoë,4,11,Impostors,2021-02-21,8,-0.2330525824706169,-0.31108588303272644,-0.6134670801020191,70,Season 4
Hange Zoë,4,13,Children of the Forest,2021-03-07,4,-0.23232741011946328,0.4922851698188636,-0.04983291886119784,74,Season 4
Hange Zoë,4,23,Sunset,2022-02-20,1,-0.23310192992892553,-0.3328491962516242,-0.8936648636093687,6,Season 4
Hange Zoë,4,24,Pride,2022-02-27,13,-0.23297008068288902,-0.15686859888001137,-0.20127472265579252,60,Season 4
Hange Zoë,4,25,Night of the End,2022-03-06,14,0.04348848976406752,-0.09684811271876069,0.14869189450105594,7,Season 4
Hange Zoë,4,26,Traitor,2022-03-13,2,-0.23310192992892553,-0.3328491962516242,-0.3283173913090297,8,Season 4
Hange Zoë,4,27,Retrospective,2022-03-20,5,-0.23323294529052432,-0.20763953830447834,0.006442319630280302,9,Season 4
Hange Zoë,4,28,The Dawn of Humanity,2022-04-03,8,-0.23292023033879242,0.027427772180271058,0.36770181316326833,83,Season 4
Hannes,1,1,"To You, in 2000 Years - The Fall of Shiganshina (1)",2013-04-07,6,-0.23238336796590064,0.3459670880922407,0.04426455292497493,10,Season 1
Hannes,1,2,That Day - The Fall of Shiganshina (2),2013-04-14,2,0.7342090925047688,-0.19613306406025433,-0.8936648636093687,11,Season 1
Hannes,1,4,The Night of the Closing Ceremony - Humanity's Comeback (2),2013-04-28,1,-0.23310192992892553,-0.3328491962516242,0.23855536415791354,1,Season 1
Hannes,1,9,Whereabouts of His Left Arm - The Struggle for Trost (5),2013-06-02,4,-0.2314234396100455,0.62951904268289,0.7939222352280604,73,Season 1
Hannes,2,1,Beast Titan,2017-04-01,2,2.6692259902065687,0.3542491130050249,0.23261307781514579,28,Season 2
Hannes,2,6,Warrior,2017-05-06,3,-0.23310192992892553,-0.3328491962516242,-0.8936648636093687,31,Season 2
Hannes,2,7,Close Combat,2017-05-13,1,-0.23310192992892553,-0.3328491962516242,0.22788891200333183,4,Season 2
Hannes,2,8,The Hunters,2017-05-20,15,-0.23286287824193636,-0.15747293639216797,-0.5192854018413336,32,Season 2
Hannes,2,12,Scream,2017-06-17,1,-0.23310192992892553,-0.3328491962516242,-0.8936648636093687,35,Season 2
Historia Reiss,1,6,The World the Girl Saw - The Struggle for Trost (2),2013-05-12,1,-0.23310192992892553,-0.3328491962516242,0.23459383992940172,14,Season 1
Historia Reiss,1,9,Whereabouts of His Left Arm - The Struggle for Trost (5),2013-06-02,1,-0.23310192992892553,-0.3328491962516242,0.2306323157008899,73,Season 1
Historia Reiss,1,18,Forest of Giant Trees - The 57th Exterior Scouting Mission (2),2013-08-11,1,-0.23310192992892553,-0.3328491962516242,-0.8936648636093687,22,Season 1
Historia Reiss,2,2,I'm Home,2017-04-08,2,-0.23310192992892553,-0.3328491962516242,0.2306323157008899,29,Season 2
Historia Reiss,2,4,Soldier,2017-04-22,1,-0.23231222426010267,0.22105062911345486,1.3561476155421024,61,Season 2
Historia Reiss,2,5,Historia,2017-04-29,8,-0.23295940259245534,-0.3053653482083055,-0.7522896002048276,30,Season 2
Historia Reiss,2,6,Warrior,2017-05-06,3,1.0571725704285484,0.2187055302469216,0.605295654592426,31,Season 2
Historia Reiss,2,7,Close Combat,2017-05-13,1,-0.23082149254540252,0.10689237244147454,0.2306323157008899,4,Season 2
Historia Reiss,2,8,The Hunters,2017-05-20,1,-0.23310192992892553,-0.3328491962516242,-0.8936648636093687,32,Season 2
Historia Reiss,2,11,Charge,2017-06-10,4,-0.23310192992892553,-0.3328491962516242,0.23192722689075632,34,Season 2
Historia Reiss,2,12,Scream,2017-06-17,1,-0.23152266492716458,0.5692636406158188,-0.8936648636093687,35,Season 2
Historia Reiss,3,1,Smoke Signal,2018-07-22,1,-0.23231222426010267,0.22105062911345486,-0.8936648636093687,36,Season 3
Historia Reiss,3,3,Old Story,2018-08-05,13,-0.23310192992892553,-0.3328491962516242,-0.8072977946752414,77,Season 3
Historia Reiss,3,6,Sin,2018-08-26,7,0.31987285593856346,-0.09646859918081885,-0.4118670957100651,38,Season 3
Historia Reiss,3,7,Wish,2018-09-02,3,-0.23310192992892553,-0.3328491962516242,0.22778652445811506,39,Season 3
Historia Reiss,3,8,Outside the Walls of Orvud District,2018-09-09,9,-0.23244385000134452,0.11730694633801309,-0.14186547558006163,40,Season 3
Historia Reiss,3,9,Ruler of the Walls,2018-09-16,6,-0.23270712587314235,-0.12446155485665632,-0.705621746352907,41,Season 3
Historia Reiss,3,10,Friends,2018-09-23,1,-0.23310192992892553,-0.3328491962516242,-0.8881780562142526,84,Season 3
Historia Reiss,3,21,The Attack Titan,2019-06-23,3,-0.23310192992892553,-0.3328491962516242,-0.8936648636093687,51,Season 3
Historia Reiss,4,28,The Dawn of Humanity,2022-04-03,2,-0.2315225185912798,0.7749504544785338,-0.3309072136887625,83,Season 4
Hitch Dreyse,1,23,Smile - Assault on Stohess (1),2013-09-15,6,-0.232904540095691,-0.24579594337603317,0.04091208896193997,3,Season 1
Hitch Dreyse,2,8,The Hunters,2017-05-20,1,-0.23310192992892553,-0.3328491962516242,-0.8936648636093687,32,Season 2
Hitch Dreyse,3,4,Trust,2018-08-12,5,0.5409749317563821,-0.17950213362921844,-0.4440074244123954,78,Season 3
Hitch Dreyse,3,14,Thunder Spears,2019-05-05,1,3.6373266451411435,0.9420216636301162,1.3585838566040098,45,Season 3
Hitch Dreyse,3,22,Beyond the Wall,2019-06-30,1,-0.23310192992892553,-0.3328491962516242,-0.8936648636093687,52,Season 3
Hitch Dreyse,4,9,Brave Volunteers,2021-02-07,1,-0.23337600334525646,0.7502534822169622,-0.8936648636093687,54,Season 4
Hitch Dreyse,4,23,Sunset,2022-02-20,8,-0.23310192992892553,-0.3328491962516242,-0.33029815342328567,6,Season 4
Hitch Dreyse,4,24,Pride,2022-02-27,1,-0.23196171123716403,-0.11297841190507484,-0.8936648636093687,60,Season 4
Jean Kirstein,1,3,A Dim Light Amid Despair - Humanity's Comeback (1),2013-04-21,4,-0.23246408434347768,0.12394073688176423,-0.051509150842715345,12,Season 1
Jean Kirstein,1,4,The Night of the Closing Ceremony - Humanity's Comeback (2),2013-04-28,6,-0.23274469648303261,-0.16930037826372552,0.22717746419263812,1,Season 1
Jean Kirstein,1,5,First Battle - The Struggle for Trost (1),2013-05-05,1,-0.23310192992892553,-0.3328491962516242,0.23733724362695982,13,Season 1
Jean Kirstein,1,7,Small Blade - The Struggle for Trost (3),2013-05-19,10,1.1217075991771341,0.20532945223461083,0.23398372666276013,15,Season 1
Jean Kirstein,1,8,I Can Hear His Heartbeat - The Struggle for Trost (4),2013-05-26,8,0.2517087891712088,0.6438391737871578,0.3741776853640564,16,Season 1
Jean Kirstein,1,10,Response - The Struggle for Trost (6),2013-06-09,2,-0.23365060984866565,0.5206842393586718,0.8019220743439966,17,Season 1
Jean Kirstein,1,11,Idol - The Struggle for Trost (7),2013-06-16,1,1.7026603336302246,0.16045385247766486,0.22514550830577376,18,Season 1
Jean Kirstein,1,12,Wound - The Struggle for Trost (8),2013-06-23,6,-0.2326443791450158,0.5941095993314254,-0.3288752578018982,19,Season 1
Jean Kirstein,1,13,Primal Desire - The Struggle for Trost (9),2013-06-30,3,-0.231552078465595,0.36763115201115437,-0.14108635440653713,76,Season 1
Jean Kirstein,1,16,What Needs to Be Done Now - Eve of the Counterattack (3),2013-07-28,14,-0.23304553283371568,-0.3079768382871696,-0.33177805192599014,2,Season 1
Jean Kirstein,1,17,Female Titan - The 57th Exterior Scouting Mission (1),2013-08-04,7,-0.2329390415443882,-0.3014390842021171,-0.7261720357059828,21,Season 1
Jean Kirstein,1,18,Forest of Giant Trees - The 57th Exterior Scouting Mission (2),2013-08-11,11,0.1189346452589408,-0.15651132581753913,-0.5847667905336595,22,Season 1
Jean Kirstein,1,20,Erwin Smith - The 57th Exterior Scouting Mission (4),2013-08-25,10,-0.23301088873702944,-0.15173829529313945,-0.3309072136887626,23,Season 1
Jean Kirstein,1,21,Crushing Blow - The 57th Exterior Scouting Mission (5),2013-09-01,4,-0.23310192992892553,-0.3328491962516242,-0.8936648636093687,24,Season 1
Jean Kirstein,1,22,The Defeated - The 57th Exterior Scouting Mission (6),2013-09-08,1,-0.23310192992892553,-0.3328491962516242,-0.882998411454787,25,Season 1
Jean Kirstein,1,24,Mercy - Assault on Stohess (2),2013-09-22,6,0.41196212147549754,-0.2050599773996194,0.6070222028455812,26,Season 1
Jean Kirstein,1,25,Wall: Raid on Stohess District (3),2013-09-29,6,0.7347207830134931,-0.030526165050558034,0.04365549265949812,27,Season 1
Jean Kirstein,2,1,Beast Titan,2017-04-01,1,-0.23082149254540252,0.10689237244147454,0.22514550830577376,28,Season 2
Jean Kirstein,2,7,Close Combat,2017-05-13,1,-0.23310192992892553,-0.3328491962516242,0.22514550830577376,4,Season 2
Jean Kirstein,2,8,The Hunters,2017-05-20,2,-0.23310192992892553,-0.3328491962516242,-0.3275547497257276,32,Season 2
Jean Kirstein,2,11,Charge,2017-06-10,3,-0.2328386947059846,-0.14821592112993115,0.6075306305677826,34,Season 2
Jean Kirstein,2,12,Scream,2017-06-17,1,-0.23244926096826812,0.7626019683477481,0.2306323157008899,35,Season 2
Jean Kirstein,3,1,Smoke Signal,2018-07-22,8,-0.23212017572500093,0.15010791952611227,0.09131328881806133,36,Season 3
Jean Kirstein,3,2,Pain,2018-07-29,6,-0.2328745331129691,0.01938291165656066,0.4143061135499138,37,Season 3
Jean Kirstein,3,4,Trust,2018-08-12,5,0.5412908140239113,0.042057796516813184,0.4565870070396352,78,Season 3
Jean Kirstein,3,8,Outside the Walls of Orvud District,2018-09-09,5,-0.23310192992892553,-0.3328491962516242,-0.8925675021303455,40,Season 3
Jean Kirstein,3,9,Ruler of the Walls,2018-09-16,2,-0.23310192992892553,-0.3328491962516242,-0.8922931617605896,41,Season 3
Jean Kirstein,3,10,Friends,2018-09-23,3,-0.23224106548851162,0.29022472851870934,-0.5179846692734298,84,Season 3
Jean Kirstein,3,11,Bystander,2018-10-07,5,-0.23253683877730108,-0.18403778543863075,0.45293053944444417,42,Season 3
Jean Kirstein,3,12,Night of the Battle to Retake the Wall,2018-10-14,11,-0.2324486274797829,0.09220921895422483,-0.07654883617158216,43,Season 3
Jean Kirstein,3,13,The Town Where Everything Began,2019-04-28,1,-0.23310192992892553,-0.3328491962516242,-0.8936648636093687,44,Season 3
Jean Kirstein,3,14,Thunder Spears,2019-05-05,5,-0.23297139613679405,-0.11375896333174973,0.23879898826410426,45,Season 3
Jean Kirstein,3,15,Descent,2019-05-12,7,0.5967975423614338,0.34942062641027677,0.39433613230709336,46,Season 3
Jean Kirstein,3,16,Perfect Game,2019-05-19,7,-0.23229439616127015,0.07613125637254416,0.0768096173340161,47,Season 3
Jean Kirstein,3,17,Hero,2019-05-26,4,-0.2327070770945141,-0.05589928356908465,0.2345170492704891,48,Season 3
Jean Kirstein,3,18,Midnight Sun,2019-06-02,3,-0.23257545948304362,0.036417353991761825,-0.5153436531210885,63,Season 3
Jean Kirstein,3,19,The Basement,2019-06-09,2,-0.23310192992892553,-0.3328491962516242,0.22651721015455284,49,Season 3
Jean Kirstein,3,22,Beyond the Wall,2019-06-30,1,-0.23337600334525646,0.7502534822169622,1.3521860913135906,52,Season 3
Jean Kirstein,4,5,Declaration of War,2021-01-10,1,-0.23310192992892553,-0.3328491962516242,-0.8936648636093687,64,Season 4
Jean Kirstein,4,6,The War Hammer Titan,2021-01-17,2,-0.2334991906106735,1.1117003454009375,-0.3309072136887625,68,Season 4
Jean Kirstein,4,7,Assault,2021-01-24,4,0.2512334887952734,0.06742647861323758,0.5152100233064026,53,Season 4
Jean Kirstein,4,8,Assassin's Bullet,2021-01-31,5,-0.23291984754513334,0.029372605665345313,0.4532355960777651,69,Season 4
Jean Kirstein,4,9,Brave Volunteers,2021-02-07,2,-0.23310192992892553,-0.3328491962516242,0.22910703253428555,54,Season 4
Jean Kirstein,4,13,Children of the Forest,2021-03-07,4,0.252312535663479,0.22490117796148434,0.7875986280936415,74,Season 4
Jean Kirstein,4,16,Heaven and Earth,2021-03-28,9,0.6270407644161379,0.01942559597701172,0.10469355144423609,56,Season 4
Jean Kirstein,4,17,Judgement,2022-01-09,4,-0.2334294683329225,-0.01982505138375963,-0.05219500176710484,57,Season 4
Jean Kirstein,4,18,Sneak Attack,2022-01-16,4,0.2511992296182321,0.20281431342181092,0.23185043623184362,58,Season 4
Jean Kirstein,4,19,Two Brothers,2022-01-23,3,-0.23326198378414467,-0.13859660758724107,-0.5179846692734298,71,Season 4
Jean Kirstein,4,22,Thaw,2022-02-13,3,-0.23259026380951534,-0.20152343288571373,1.3533018242993273,59,Season 4
Jean Kirstein,4,24,Pride,2022-02-27,5,-0.23271594505680865,-0.17809507430929852,-0.2204889741355576,60,Season 4
Jean Kirstein,4,25,Night of the End,2022-03-06,10,1.3154631581990568,0.44789799616094633,0.34208543120482315,7,Season 4
Jean Kirstein,4,26,Traitor,2022-03-13,3,-0.23314760883164734,-0.15233208317352642,-0.14515026618026586,8,Season 4
Jean Kirstein,4,27,Retrospective,2022-03-20,5,-0.23247016539386725,0.11027066404043903,0.23136318801946215,9,Season 4
Jean Kirstein,4,28,The Dawn of Humanity,2022-04-03,2,-0.23310192992892553,-0.3328491962516242,0.2312413759663668,83,Season 4
Keith Shadis,1,1,"To You, in 2000 Years - The Fall of Shiganshina (1)",2013-04-07,1,-0.23231222426010267,0.22105062911345486,0.23581196046035546,10,Season 1
Keith Shadis,1,2,That Day - The Fall of Shiganshina (2),2013-04-14,1,-0.2281018625159953,1.434562807518182,1.3613272603015678,11,Season 1
Keith Shadis,1,3,A Dim Light Amid Despair - Humanity's Comeback (1),2013-04-21,15,-0.23213957384144482,0.09344480744927772,0.302333629568481,12,Season 1
Keith Shadis,1,4,The Night of the Closing Ceremony - Humanity's Comeback (2),2013-04-28,3,-0.23090877034540022,0.6255546885816972,1.3534042118445442,1,Season 1
Keith Shadis,1,5,First Battle - The Struggle for Trost (1),2013-05-05,13,-0.0834393821088865,-0.017711186593846278,-0.20211884687042578,13,Season 1
Keith Shadis,1,14,Can't Look Into His Eyes - Eve of the Counterattack (1),2013-07-14,1,-0.23117200556834117,0.4409214134600042,0.2330685567627974,20,Season 1
Keith Shadis,3,11,Bystander,2018-10-07,18,0.3049803085053529,0.03142158378108306,0.2904846281344717,42,Season 3
Keith Shadis,4,14,Violence,2021-03-21,5,-0.23264584245222092,-0.24490088251300443,-0.22000172592317613,55,Season 4
Keith Shadis,4,22,Thaw,2022-02-13,1,-0.23248284172259462,1.9404659864648324,1.364070663999126,59,Season 4
Keith Shadis,4,23,Sunset,2022-02-20,6,0.09010997889132369,0.028681886299769234,-0.1435243504703861,6,Season 4
Keith Shadis,4,27,Retrospective,2022-03-20,5,-0.23310192992892553,-0.3328491962516242,-0.8936648636093687,9,Season 4
Kenny Ackerman,3,1,Smoke Signal,2018-07-22,1,-0.23310192992892553,-0.3328491962516242,-0.8936648636093687,36,Season 3
Kenny Ackerman,3,2,Pain,2018-07-29,12,-0.2321193787096803,0.21478792131676205,-0.05100160062148459,37,Season 3
Kenny Ackerman,3,3,Old Story,2018-08-05,1,-0.23310192992892553,-0.3328491962516242,2.4667277763645705,77,Season 3
Kenny Ackerman,3,6,Sin,2018-08-26,9,0.6269341376835766,0.12143310024955932,0.22998737125173263,38,Season 3
Kenny Ackerman,3,7,Wish,2018-09-02,13,0.5118977524206109,0.04883800209703067,-0.11389975424347382,39,Season 3
Kenny Ackerman,3,9,Ruler of the Walls,2018-09-16,2,-0.2334294683329225,-0.019825051383759562,0.22712627042002964,41,Season 3
Kenny Ackerman,3,10,Friends,2018-09-23,33,-0.11536190796248012,0.02422251325950061,-0.14556561431590653,84,Season 3
Kenny Ackerman,3,18,Midnight Sun,2019-06-02,2,-0.23244187280282141,0.46977935408807453,0.22712627042002964,63,Season 3
Kiyomi Azumabito,4,4,From One Hand to Another,2020-12-27,2,0.7346039453391802,0.08081684862228519,-0.3289264515745066,82,Season 4
Kiyomi Azumabito,4,11,Impostors,2021-02-21,2,-0.23310192992892553,-0.3328491962516242,-0.3322789155375415,70,Season 4
Kiyomi Azumabito,4,26,Traitor,2022-03-13,1,-0.23310192992892553,-0.3328491962516242,0.2330685567627974,8,Season 4
Kiyomi Azumabito,4,27,Retrospective,2022-03-20,4,-0.2331361891059669,-0.19746136144305088,-0.6119815085163272,9,Season 4
Kiyomi Azumabito,4,28,The Dawn of Humanity,2022-04-03,3,-0.23310192992892553,-0.3328491962516242,0.22646601638194436,83,Season 4
Levi Ackerman,1,9,Whereabouts of His Left Arm - The Struggle for Trost (5),2013-06-02,1,-0.23310192992892553,-0.3328491962516242,-0.8857418151523451,73,Season 1
Levi Ackerman,1,13,Primal Desire - The Struggle for Trost (9),2013-06-30,3,0.4126786283700064,0.20085170356819151,0.603364331248837,76,Season 1
Levi Ackerman,1,14,Can't Look Into His Eyes - Eve of the Counterattack (1),2013-07-14,9,-0.017646189447464017,0.09457754519160728,-0.018467679933120755,20,Season 1
Levi Ackerman,1,15,Special Operations Squad - Eve of the Counterattack (2),2013-07-21,8,-0.23287230393391747,-0.1306278610200094,-0.47277766762186757,80,Season 1
Levi Ackerman,1,16,What Needs to Be Done Now - Eve of the Counterattack (3),2013-07-28,3,0.4117720850268707,-0.24170510812404428,-0.14515026618026586,2,Season 1
Levi Ackerman,1,18,Forest of Giant Trees - The 57th Exterior Scouting Mission (2),2013-08-11,4,0.25166217569097155,0.46084567675520366,-0.3235932254972157,22,Season 1
Levi Ackerman,1,19,Bite - The 57th Exterior Scouting Mission (3),2013-08-18,15,-0.23280334388948454,-0.09183789036649091,-0.21717711419022115,81,Season 1
Levi Ackerman,1,20,Erwin Smith - The 57th Exterior Scouting Mission (4),2013-08-25,4,1.70227250142616,0.5116496608167475,0.5121620894761061,23,Season 1
Levi Ackerman,1,21,Crushing Blow - The 57th Exterior Scouting Mission (5),2013-09-01,3,0.4117720850268707,-0.24170510812404428,-0.5162581210202747,24,Season 1
Levi Ackerman,1,22,The Defeated - The 57th Exterior Scouting Mission (6),2013-09-08,6,-0.23234178413441786,-0.1862686733539246,-0.517832842957546,25,Season 1
Levi Ackerman,1,24,Mercy - Assault on Stohess (2),2013-09-22,1,-0.23310192992892553,-0.3328491962516242,-0.8936648636093687,26,Season 1
Levi Ackerman,1,25,Wall: Raid on Stohess District (3),2013-09-29,2,-0.23213696774863335,0.05403610860419,-0.33029815342328567,27,Season 1
Levi Ackerman,2,1,Beast Titan,2017-04-01,1,-0.23310192992892553,-0.3328491962516242,-0.8857418151523451,28,Season 2
Levi Ackerman,2,2,I'm Home,2017-04-08,2,-0.2334294683329225,-0.019825051383759562,-0.8936648636093687,29,Season 2
Levi Ackerman,2,8,The Hunters,2017-05-20,2,-0.23310192992892553,-0.3328491962516242,0.22514550830577376,32,Season 2
Levi Ackerman,2,12,Scream,2017-06-17,2,-0.23317044828300826,-0.06207352663447756,-0.8936648636093687,35,Season 2
Levi Ackerman,3,1,Smoke Signal,2018-07-22,18,-0.017744614477219395,-0.13295929773108672,-0.019838796781252666,36,Season 3
Levi Ackerman,3,2,Pain,2018-07-29,11,0.11897057422931565,-0.08458705787760032,0.23135163555956034,37,Season 3
Levi Ackerman,3,3,Old Story,2018-08-05,3,2.992408363541817,0.34274202873282467,1.3510668483239707,77,Season 3
Levi Ackerman,3,4,Trust,2018-08-12,9,0.4121467849146555,0.027530625173297883,0.10618353542780712,78,Season 3
Levi Ackerman,3,5,Reply,2018-08-19,3,-0.23310192992892553,-0.3328491962516242,-0.514937612944104,79,Season 3
Levi Ackerman,3,6,Sin,2018-08-26,6,-0.23348034272014265,0.07008615565800187,-0.14443881836957212,38,Season 3
Levi Ackerman,3,7,Wish,2018-09-02,1,-0.23358209149458295,0.24990856974152514,1.3534042118445442,39,Season 3
Levi Ackerman,3,8,Outside the Walls of Orvud District,2018-09-09,8,-0.23269752214368813,0.03773492111217241,-0.049528388728459355,40,Season 3
Levi Ackerman,3,9,Ruler of the Walls,2018-09-16,6,0.08945659564351678,0.020143648153737294,-0.14713102829452174,41,Season 3
Levi Ackerman,3,10,Friends,2018-09-23,2,-0.23139160189128327,-0.003043019731800156,1.3486800460327302,84,Season 3
Levi Ackerman,3,11,Bystander,2018-10-07,1,-0.23310192992892553,-0.3328491962516242,0.22514550830577376,42,Season 3
Levi Ackerman,3,12,Night of the Battle to Retake the Wall,2018-10-14,9,-0.0183930040200656,0.21783738890322193,-0.016672873316487636,43,Season 3
Levi Ackerman,3,13,The Town Where Everything Began,2019-04-28,2,-0.23310192992892553,-0.3328491962516242,-0.32755474972572757,44,Season 3
Levi Ackerman,3,14,Thunder Spears,2019-05-05,3,-0.23239842910915998,0.30438711458541123,-0.5127026369687474,45,Season 3
Levi Ackerman,3,16,Perfect Game,2019-05-19,5,0.15398042017831673,-0.16738277830206044,-0.6667335698435307,47,Season 3
Levi Ackerman,3,17,Hero,2019-05-26,4,-0.2322467659101044,-0.16794610799171217,0.5098000065701991,48,Season 3
Levi Ackerman,3,18,Midnight Sun,2019-06-02,3,-0.2327218570316717,-0.2595589348027744,-0.14555630635725042,63,Season 3
Levi Ackerman,3,19,The Basement,2019-06-09,3,1.0566460999826668,-0.15056101999646437,-0.5180870568186466,49,Season 3
Levi Ackerman,3,21,The Attack Titan,2019-06-23,4,-0.23290450351171982,-0.1943742399103544,0.2300974135914135,51,Season 3
Levi Ackerman,4,7,Assault,2021-01-24,1,-0.23231237059598744,0.015363815250739836,-0.8936648636093687,53,Season 4
Levi Ackerman,4,8,Assassin's Bullet,2021-01-31,9,1.057874063748742,0.13085418939064933,0.7274400305253799,69,Season 4
Levi Ackerman,4,9,Brave Volunteers,2021-02-07,4,-0.23310192992892553,-0.3328491962516242,-0.046252715424337176,54,Season 4
Levi Ackerman,4,13,Children of the Forest,2021-03-07,4,-0.23268800377683335,0.07994742232775076,0.5068288633988153,74,Season 4
Levi Ackerman,4,14,Violence,2021-03-21,16,0.009580839207860656,-0.026173359047925875,-0.1919324285195848,55,Season 4
Levi Ackerman,4,15,Sole Salvation,2021-03-21,2,0.736067960349778,1.26490792890674,0.7971979085321825,75,Season 4
Levi Ackerman,4,25,Night of the End,2022-03-06,1,-0.23310192992892553,-0.3328491962516242,-0.8936648636093687,7,Season 4
Levi Ackerman,4,28,The Dawn of Humanity,2022-04-03,2,-0.23253182058304478,-0.22291380407834951,-0.8936648636093687,83,Season 4
Louise,4,11,Impostors,2021-02-21,3,-0.23231222426010267,0.22105062911345483,-0.14647077425643648,70,Season 4
Louise,4,18,Sneak Attack,2022-01-16,1,-0.23310192992892553,-0.3328491962516242,-0.8936648636093687,58,Season 4
Louise,4,22,Thaw,2022-02-13,1,-0.23310192992892553,-0.3328491962516242,0.2330685567627974,59,Season 4
Louise,4,24,Pride,2022-02-27,5,-0.23310192992892553,-0.3328491962516242,-0.6682567470078054,60,Season 4
Luke Siss,1,17,Female Titan - The 57th Exterior Scouting Mission (1),2013-08-04,1,-0.23310192992892553,-0.3328491962516242,-0.8936648636093687,21,Season 1
Marcel Galliard,4,3,The Door of Hope,2020-12-20,3,1.7021780810492448,0.2307605777164189,-0.5167665487424761,5,Season 4
Marco Bodt,1,3,A Dim Light Amid Despair - Humanity's Comeback (1),2013-04-21,3,-0.23310192992892553,-0.3328491962516242,0.22829495218031642,12,Season 1
Marco Bodt,1,4,The Night of the Closing Ceremony - Humanity's Comeback (2),2013-04-28,2,-0.2334294683329225,-0.019825051383759562,-0.3342596776517975,1,Season 1
Marco Bodt,1,7,Small Blade - The Struggle for Trost (3),2013-05-19,1,-0.23310192992892553,-0.3328491962516242,-0.8936648636093687,15,Season 1
Marco Bodt,1,8,I Can Hear His Heartbeat - The Struggle for Trost (4),2013-05-26,2,-0.2327070770945141,-0.05589928356908466,-0.33288797580301843,16,Season 1
Marco Bodt,1,16,What Needs to Be Done Now - Eve of the Counterattack (3),2013-07-28,2,-0.2329673010680966,0.847098918849184,0.23322213808062275,2,Season 1
Marco Bodt,3,15,Descent,2019-05-12,5,-0.23264584245222092,-0.24490088251300443,0.007234624475982665,46,Season 3
Marlowe Freudenberg,1,23,Smile - Assault on Stohess (1),2013-09-15,12,-0.23256444407827076,-0.07252083129540886,0.22679614340098694,3,Season 1
Marlowe Freudenberg,3,4,Trust,2018-08-12,7,-0.23287629973783328,-0.17459210329017302,0.39076652289251845,78,Season 3
Marlowe Freudenberg,3,11,Bystander,2018-10-07,3,-0.23310192992892553,-0.3328491962516242,-0.8936648636093687,42,Season 3
Marlowe Freudenberg,3,16,Perfect Game,2019-05-19,5,-0.23242533295307183,0.488975036660951,0.23751943520602045,47,Season 3
Mikasa Ackerman,1,1,"To You, in 2000 Years - The Fall of Shiganshina (1)",2013-04-07,2,-0.23310192992892553,-0.3328491962516242,-0.8936648636093687,10,Season 1
Mikasa Ackerman,1,2,That Day - The Fall of Shiganshina (2),2013-04-14,2,-0.23233443074981025,-0.13586055120275853,0.2344402586115764,11,Season 1
Mikasa Ackerman,1,3,A Dim Light Amid Despair - Humanity's Comeback (1),2013-04-21,5,-0.23310192992892553,-0.3328491962516242,-0.8936648636093687,12,Season 1
Mikasa Ackerman,1,4,The Night of the Closing Ceremony - Humanity's Comeback (2),2013-04-28,2,-0.23310192992892553,-0.3328491962516242,0.7933899656214961,1,Season 1
Mikasa Ackerman,1,5,First Battle - The Struggle for Trost (1),2013-05-05,2,-0.23310192992892553,-0.3328491962516242,-0.33029815342328567,13,Season 1
Mikasa Ackerman,1,6,The World the Girl Saw - The Struggle for Trost (2),2013-05-12,10,0.15468990201144653,0.24270127475875952,0.12079242014959682,14,Season 1
Mikasa Ackerman,1,7,Small Blade - The Struggle for Trost (3),2013-05-19,10,-0.23244398205386793,-0.04532803080162776,-0.32917007568069734,15,Season 1
Mikasa Ackerman,1,8,I Can Hear His Heartbeat - The Struggle for Trost (4),2013-05-26,5,-0.23247016539386725,0.11027066404043903,-0.8897033393808569,16,Season 1
Mikasa Ackerman,1,9,Whereabouts of His Left Arm - The Struggle for Trost (5),2013-06-02,2,-0.23253182058304478,-0.22291380407834951,-0.3289264515745066,73,Season 1
Mikasa Ackerman,1,10,Response - The Struggle for Trost (6),2013-06-09,2,-0.23310192992892553,-0.3328491962516242,-0.8936648636093687,17,Season 1
Mikasa Ackerman,1,11,Idol - The Struggle for Trost (7),2013-06-16,1,-0.23310192992892553,-0.3328491962516242,0.23855536415791354,18,Season 1
Mikasa Ackerman,1,12,Wound - The Struggle for Trost (8),2013-06-23,1,-0.23310192992892553,-0.3328491962516242,0.2306323157008899,19,Season 1
Mikasa Ackerman,1,14,Can't Look Into His Eyes - Eve of the Counterattack (1),2013-07-14,2,-0.23310192992892553,-0.3328491962516242,-0.3283173913090297,20,Season 1
Mikasa Ackerman,1,16,What Needs to Be Done Now - Eve of the Counterattack (3),2013-07-28,1,-0.23310192992892553,-0.3328491962516242,0.23855536415791354,2,Season 1
Mikasa Ackerman,1,21,Crushing Blow - The 57th Exterior Scouting Mission (5),2013-09-01,1,5.571904423365002,0.7073183812431443,1.3598019771349636,24,Season 1
Mikasa Ackerman,1,22,The Defeated - The 57th Exterior Scouting Mission (6),2013-09-08,3,2.346774202791513,0.1050174177075452,0.23621800063734005,25,Season 1
Mikasa Ackerman,1,23,Smile - Assault on Stohess (1),2013-09-15,2,-0.23139160189128327,-0.003043019731800156,-0.33029815342328567,3,Season 1
Mikasa Ackerman,1,24,Mercy - Assault on Stohess (2),2013-09-22,4,0.2512334887952734,0.06742647861323758,-0.3261830478769485,26,Season 1
Mikasa Ackerman,1,25,Wall: Raid on Stohess District (3),2013-09-29,2,-0.23310192992892553,-0.3328491962516242,-0.3289264515745066,27,Season 1
Mikasa Ackerman,2,6,Warrior,2017-05-06,2,-0.23310192992892553,-0.3328491962516242,-0.3315162739542394,31,Season 2
Mikasa Ackerman,2,7,Close Combat,2017-05-13,1,-0.23310192992892553,-0.3328491962516242,-0.8897033393808569,4,Season 2
Mikasa Ackerman,2,8,The Hunters,2017-05-20,5,-0.2331567446121917,-0.11622866055790688,-0.44425104851858616,32,Season 2
Mikasa Ackerman,2,10,Children,2017-06-03,1,-0.2315225185912798,0.7749504544785338,0.24129876785547164,62,Season 2
Mikasa Ackerman,2,11,Charge,2017-06-10,4,0.2508113608301964,0.5025884182952147,-0.048919328462982525,34,Season 2
Mikasa Ackerman,3,2,Pain,2018-07-29,1,-0.22869706283315752,1.519007508543501,1.3561476155421024,37,Season 3
Mikasa Ackerman,3,3,Old Story,2018-08-05,2,0.7349987981735917,0.3577667613048247,0.23185043623184365,77,Season 3
Mikasa Ackerman,3,6,Sin,2018-08-26,3,-0.23310192992892553,-0.3328491962516242,0.6020438231726664,38,Season 3
Mikasa Ackerman,3,8,Outside the Walls of Orvud District,2018-09-09,1,-0.23231222426010267,0.22105062911345486,0.22788891200333183,40,Season 3
Mikasa Ackerman,3,12,Night of the Battle to Retake the Wall,2018-10-14,1,-0.23323896663709098,0.20870214298266906,0.23185043623184365,43,Season 3
Mikasa Ackerman,3,13,The Town Where Everything Began,2019-04-28,1,-0.23406225306024034,0.8326663357346745,1.3521860913135906,44,Season 3
Mikasa Ackerman,3,14,Thunder Spears,2019-05-05,4,-0.23260841876186802,-0.0637943605969679,-0.6122860386490656,45,Season 3
Mikasa Ackerman,3,18,Midnight Sun,2019-06-02,1,-0.23310192992892553,-0.3328491962516242,0.2306323157008899,63,Season 3
Mikasa Ackerman,3,20,That Day,2019-06-16,2,-0.23310192992892553,-0.3328491962516242,-0.8936648636093687,50,Season 3
Mikasa Ackerman,3,21,The Attack Titan,2019-06-23,1,-0.23310192992892553,-0.3328491962516242,-0.8936648636093687,51,Season 3
Mikasa Ackerman,4,11,Impostors,2021-02-21,1,-0.23310192992892553,-0.3328491962516242,-0.8936648636093687,70,Season 4
Mikasa Ackerman,4,17,Judgement,2022-01-09,1,-0.23310192992892553,-0.3328491962516242,0.22514550830577376,57,Season 4
Mikasa Ackerman,4,18,Sneak Attack,2022-01-16,1,-0.23310192992892553,-0.3328491962516242,0.22514550830577376,58,Season 4
Mikasa Ackerman,4,22,Thaw,2022-02-13,3,-0.23253058319610065,0.42973339235869795,0.9781300576855899,59,Season 4
Mikasa Ackerman,4,27,Retrospective,2022-03-20,1,-0.23296744740398137,0.6414121049864691,-0.8936648636093687,9,Season 4
Mikasa Ackerman,4,28,The Dawn of Humanity,2022-04-03,8,0.4928969593769601,0.01598495916053555,0.37067295633465214,83,Season 4
Mike Zacharias,2,1,Beast Titan,2017-04-01,8,-0.232630121576178,-0.04479850985567567,-0.46645406048744875,28,Season 2
Moblit Berner,1,25,Wall: Raid on Stohess District (3),2013-09-29,1,-0.23310192992892553,-0.3328491962516242,0.2330685567627974,27,Season 1
Moblit Berner,2,2,I'm Home,2017-04-08,1,-0.23310192992892553,-0.3328491962516242,-0.8936648636093687,29,Season 2
Moblit Berner,2,9,Opening,2017-05-27,1,-0.23310192992892553,-0.3328491962516242,-0.8936648636093687,33,Season 2
Moblit Berner,2,10,Children,2017-06-03,2,-0.23317044828300826,-0.06207352663447756,-0.33029815342328567,62,Season 2
Moblit Berner,3,1,Smoke Signal,2018-07-22,1,-0.23310192992892553,-0.3328491962516242,-0.8936648636093687,36,Season 3
Moblit Berner,3,2,Pain,2018-07-29,3,-0.23310192992892553,-0.3328491962516242,-0.8910238474570275,37,Season 3
Moblit Berner,3,3,Old Story,2018-08-05,1,-0.23310192992892553,-0.3328491962516242,-0.8936648636093687,77,Season 3
Mr. Leonhart,1,25,Wall: Raid on Stohess District (3),2013-09-29,2,-0.2327070770945141,-0.05589928356908466,0.7971979085321825,27,Season 1
Mr. Leonhart,4,5,Declaration of War,2021-01-10,1,-0.23310192992892553,-0.3328491962516242,-0.8936648636093687,64,Season 4
Mr. Leonhart,4,23,Sunset,2022-02-20,1,-0.23310192992892553,-0.3328491962516242,-0.8936648636093687,6,Season 4
Nanaba,2,1,Beast Titan,2017-04-01,1,-0.23310192992892553,-0.3328491962516242,-0.882998411454787,28,Season 2
Nanaba,2,4,Soldier,2017-04-22,10,0.15399840973436144,-0.028844146668775637,0.00735643652907807,61,Season 2
Nicolo,4,9,Brave Volunteers,2021-02-07,3,-0.23310192992892553,-0.3328491962516242,0.9736601057348766,54,Season 4
Nile Dok,1,14,Can't Look Into His Eyes - Eve of the Counterattack (1),2013-07-14,14,-0.09457795735811021,0.29991168818476976,0.06921191098245788,20,Season 1
Nile Dok,1,25,Wall: Raid on Stohess District (3),2013-09-29,5,3.6373266451411435,0.9420216636301162,0.68254380438071,27,Season 1
Nile Dok,3,3,Old Story,2018-08-05,7,-0.23321988625328066,0.002217039046533955,0.22949894734822243,77,Season 3
Nile Dok,3,4,Trust,2018-08-12,5,-0.23330208109866696,0.10376427514177021,-0.21841711623177143,78,Season 3
Nile Dok,3,22,Beyond the Wall,2019-06-30,1,-0.23310192992892553,-0.3328491962516242,-0.8936648636093687,52,Season 3
Nile Dok,4,18,Sneak Attack,2022-01-16,2,-0.23310192992892553,-0.3328491962516242,0.7932363843036707,58,Season 4
Nile Dok,4,22,Thaw,2022-02-13,1,-0.23310192992892553,-0.3328491962516242,1.3506608081469862,59,Season 4
Oluo Bozado,1,9,Whereabouts of His Left Arm - The Struggle for Trost (5),2013-06-02,1,-0.23196171123716403,-0.11297841190507484,-0.8857418151523451,73,Season 1
Oluo Bozado,1,14,Can't Look Into His Eyes - Eve of the Counterattack (1),2013-07-14,1,-0.2268558180955187,1.070820210852991,2.4734327042906403,20,Season 1
Oluo Bozado,1,15,Special Operations Squad - Eve of the Counterattack (2),2013-07-21,4,-0.23293691564739952,-0.13219205866669953,0.22682174028729124,80,Season 1
Oluo Bozado,1,16,What Needs to Be Done Now - Eve of the Counterattack (3),2013-07-28,1,-0.23310192992892553,-0.3328491962516242,1.3494426876160324,2,Season 1
Oluo Bozado,1,17,Female Titan - The 57th Exterior Scouting Mission (1),2013-08-04,1,-0.23310192992892553,-0.3328491962516242,0.2330685567627974,21,Season 1
Oluo Bozado,1,18,Forest of Giant Trees - The 57th Exterior Scouting Mission (2),2013-08-11,2,-0.23310192992892553,-0.3328491962516242,0.23657460204365763,22,Season 1
Oluo Bozado,1,19,Bite - The 57th Exterior Scouting Mission (3),2013-08-18,4,1.217963298638233,-0.08424837152677393,0.5111717084189782,81,Season 1
Oluo Bozado,1,20,Erwin Smith - The 57th Exterior Scouting Mission (4),2013-08-25,6,-0.2322169946762429,0.15116240293638156,-0.14306711652079301,23,Season 1
Onyankopon,4,9,Brave Volunteers,2021-02-07,3,-0.23310192992892553,-0.3328491962516242,0.6008257026417126,54,Season 4
Onyankopon,4,11,Impostors,2021-02-21,1,-0.23310192992892553,-0.3328491962516242,-0.8936648636093687,70,Season 4
Onyankopon,4,13,Children of the Forest,2021-03-07,4,-0.23300323501230827,-0.2893225698138287,0.7865314563776009,74,Season 4
Onyankopon,4,17,Judgement,2022-01-09,4,-0.23338349937730513,0.7593650741027271,0.2311645853074542,57,Season 4
Onyankopon,4,22,Thaw,2022-02-13,2,-0.23310192992892553,-0.3328491962516242,0.2330685567627974,59,Season 4
Onyankopon,4,24,Pride,2022-02-27,2,-0.23213696774863335,0.05403610860419,1.352641570261242,60,Season 4
Onyankopon,4,26,Traitor,2022-03-13,4,-0.23310192992892553,-0.3328491962516242,-0.6122860386490656,8,Season 4
Onyankopon,4,28,The Dawn of Humanity,2022-04-03,1,-0.23310192992892553,-0.3328491962516242,1.3466992839184744,83,Season 4
Pastor Nick,1,14,Can't Look Into His Eyes - Eve of the Counterattack (1),2013-07-14,2,-0.23082149254540252,0.10689237244147456,0.7904929806061127,20,Season 1
Pastor Nick,1,23,Smile - Assault on Stohess (1),2013-09-15,2,1.7041954051563972,0.6572745495067537,2.475413466404896,3,Season 1
Pastor Nick,1,25,Wall: Raid on Stohess District (3),2013-09-29,4,-0.23242202242157373,-9.315874824473158e-4,0.2305555250419773,27,Season 1
Pastor Nick,2,1,Beast Titan,2017-04-01,1,-0.23152266492716458,0.5692636406158188,1.3521860913135906,28,Season 2
Petra Ral,1,9,Whereabouts of His Left Arm - The Struggle for Trost (5),2013-06-02,2,-0.23317044828300826,-0.06207352663447756,-0.33029815342328567,73,Season 1
Petra Ral,1,15,Special Operations Squad - Eve of the Counterattack (2),2013-07-21,8,0.008775173137806694,-0.27690684998488396,-0.4737680486789955,80,Season 1
Petra Ral,1,16,What Needs to Be Done Now - Eve of the Counterattack (3),2013-07-28,3,-0.23310192992892553,-0.3328491962516242,-0.14687681443342102,2,Season 1
Petra Ral,1,18,Forest of Giant Trees - The 57th Exterior Scouting Mission (2),2013-08-11,1,-0.23310192992892553,-0.3328491962516242,-0.8936648636093687,22,Season 1
Petra Ral,1,19,Bite - The 57th Exterior Scouting Mission (3),2013-08-18,1,-0.23231222426010267,0.22105062911345486,-0.8936648636093687,81,Season 1
Petra Ral,1,20,Erwin Smith - The 57th Exterior Scouting Mission (4),2013-08-25,3,1.701520114938463,-0.05941693186888447,-0.14464183845806441,23,Season 1
Petra Ral,1,21,Crushing Blow - The 57th Exterior Scouting Mission (5),2013-09-01,1,-0.23073281292245695,1.3288502798436128,1.3561476155421024,24,Season 1
Pieck Finger,3,15,Descent,2019-05-12,2,-0.232904540095691,-0.2457959433760332,-0.3289264515745066,46,Season 3
Pieck Finger,4,2,Midnight Train,2020-12-13,4,-0.23281687525598516,-0.27788150016498686,0.5098767972291118,67,Season 4
Pieck Finger,4,4,From One Hand to Another,2020-12-27,2,-0.23310192992892553,-0.3328491962516242,-0.8936648636093687,82,Season 4
Pieck Finger,4,5,Declaration of War,2021-01-10,3,-0.2328386947059846,-0.14821592112993115,0.2269744441041458,64,Season 4
Pieck Finger,4,6,The War Hammer Titan,2021-01-17,3,0.4117720850268707,-0.24170510812404428,-0.14423579828107985,68,Season 4
Pieck Finger,4,7,Assault,2021-01-24,7,-0.2331762796356634,-0.07484970984640456,0.7112528348710045,53,Season 4
Pieck Finger,4,8,Assassin's Bullet,2021-01-31,2,-0.23310192992892553,-0.3328491962516242,-0.8936648636093687,69,Season 4
Pieck Finger,4,11,Impostors,2021-02-21,2,-0.23253182058304478,-0.22291380407834951,-0.3342596776517975,70,Season 4
Pieck Finger,4,16,Heaven and Earth,2021-03-28,25,-0.23270701271745767,-0.08201883340918066,0.4541130640605177,56,Season 4
Pieck Finger,4,17,Judgement,2022-01-09,3,-0.23319328773436918,0.02818502990457128,0.6057016947694105,57,Season 4
Pieck Finger,4,18,Sneak Attack,2022-01-16,2,-0.23285935898704174,0.0901103407895151,1.3506608081469862,58,Season 4
Pieck Finger,4,19,Two Brothers,2022-01-23,1,-0.23310192992892553,-0.3328491962516242,-0.8936648636093687,71,Season 4
Pieck Finger,4,22,Thaw,2022-02-13,2,-0.23310192992892553,-0.3328491962516242,-0.8936648636093687,59,Season 4
Pieck Finger,4,23,Sunset,2022-02-20,1,-0.23310192992892553,-0.3328491962516242,1.347917404449428,6,Season 4
Pieck Finger,4,24,Pride,2022-02-27,1,-0.23310192992892553,-0.3328491962516242,0.22514550830577376,60,Season 4
Pieck Finger,4,25,Night of the End,2022-03-06,1,-0.23310192992892553,-0.3328491962516242,-0.8936648636093687,7,Season 4
Pieck Finger,4,26,Traitor,2022-03-13,3,-0.23310192992892553,-0.3328491962516242,-0.14382975810409523,8,Season 4
Pieck Finger,4,27,Retrospective,2022-03-20,1,-0.23310192992892553,-0.3328491962516242,0.2330685567627974,9,Season 4
Porco Galliard,4,2,Midnight Train,2020-12-13,6,0.08933507754897257,-0.28727715218783423,-0.3324819356260339,67,Season 4
Porco Galliard,4,3,The Door of Hope,2020-12-20,4,0.7353493111965301,0.02373772028629504,1.0685961322622934,5,Season 4
Porco Galliard,4,4,From One Hand to Another,2020-12-27,1,-0.23310192992892553,-0.3328491962516242,-0.8936648636093687,82,Season 4
Porco Galliard,4,5,Declaration of War,2021-01-10,1,-0.23310192992892553,-0.3328491962516242,-0.8936648636093687,64,Season 4
Porco Galliard,4,6,The War Hammer Titan,2021-01-17,6,-0.23321110939692452,-0.22850781462900263,-0.518747310856732,68,Season 4
Porco Galliard,4,7,Assault,2021-01-24,1,-0.23082149254540252,0.10689237244147454,2.474650824821594,53,Season 4
Porco Galliard,4,11,Impostors,2021-02-21,1,1.7026603336302246,0.16045385247766486,1.354622332375498,70,Season 4
Porco Galliard,4,16,Heaven and Earth,2021-03-28,1,-0.23310192992892553,-0.3328491962516242,-0.8936648636093687,56,Season 4
Porco Galliard,4,19,Two Brothers,2022-01-23,3,-0.2328386947059846,-0.14821592112993115,-0.5198136050718019,71,Season 4
Reiner Braun,1,3,A Dim Light Amid Despair - Humanity's Comeback (1),2013-04-21,6,0.4121615954283228,0.10927430312568413,0.7871917104156861,12,Season 1
Reiner Braun,1,4,The Night of the Closing Ceremony - Humanity's Comeback (2),2013-04-28,2,-0.2327070770945141,-0.05589928356908466,-0.3269456894602507,1,Season 1
Reiner Braun,1,7,Small Blade - The Struggle for Trost (3),2013-05-19,2,-0.23382217227741164,0.5412874527380998,0.2312413759663668,15,Season 1
Reiner Braun,1,8,I Can Hear His Heartbeat - The Struggle for Trost (4),2013-05-26,4,-0.23073218836193315,1.1896112538358983,-0.04655724555707558,16,Season 1
Reiner Braun,1,17,Female Titan - The 57th Exterior Scouting Mission (1),2013-08-04,3,-0.2325755082616719,-0.03214491729580985,-0.5188991371726158,21,Season 1
Reiner Braun,1,18,Forest of Giant Trees - The 57th Exterior Scouting Mission (2),2013-08-11,6,-0.2330055117367499,0.1813475027207783,-0.3320247016764408,22,Season 1
Reiner Braun,1,20,Erwin Smith - The 57th Exterior Scouting Mission (4),2013-08-25,2,-0.23310192992892553,-0.3328491962516242,0.7845506942633451,23,Season 1
Reiner Braun,2,1,Beast Titan,2017-04-01,3,-0.23310192992892553,-0.3328491962516242,-0.5162581210202746,28,Season 2
Reiner Braun,2,4,Soldier,2017-04-22,5,-0.23310192992892553,-0.3328491962516242,-0.4434587436728838,61,Season 2
Reiner Braun,2,5,Historia,2017-04-29,5,-0.23256688651892712,-0.21007958136276805,0.006137262996959469,30,Season 2
Reiner Braun,2,6,Warrior,2017-05-06,11,-0.2329030510817539,-0.1974466094609784,-0.48366629562556207,31,Season 2
Reiner Braun,2,7,Close Combat,2017-05-13,1,-0.23310192992892553,-0.3328491962516242,-0.8909214599118106,4,Season 2
Reiner Braun,2,9,Opening,2017-05-27,22,-0.23258842804995364,0.014280863563697267,-0.07530231312776711,33,Season 2
Reiner Braun,2,10,Children,2017-06-03,13,0.36243634046859635,-0.10398001794602843,0.3156386867328671,62,Season 2
Reiner Braun,2,11,Charge,2017-06-10,1,-0.23310192992892553,-0.3328491962516242,-0.8897033393808569,34,Season 2
Reiner Braun,2,12,Scream,2017-06-17,1,-0.23196171123716403,-0.11297841190507484,1.3613272603015678,35,Season 2
Reiner Braun,3,14,Thunder Spears,2019-05-05,11,-0.0571568917399997,-0.09411350414236232,0.025465488453177167,45,Season 3
Reiner Braun,3,15,Descent,2019-05-12,9,0.197399560612115,0.18650333294136498,-0.020499050819337943,46,Season 3
Reiner Braun,3,17,Hero,2019-05-26,3,-0.23294021596766967,-0.050876171557531324,0.22920942007950248,48,Season 3
Reiner Braun,4,2,Midnight Train,2020-12-13,17,-0.23253366897837585,0.032905072531235244,0.2948838899846085,67,Season 4
Reiner Braun,4,3,The Door of Hope,2020-12-20,14,0.320678518807013,0.3757290965760217,0.3917894381601929,5,Season 4
Reiner Braun,4,4,From One Hand to Another,2020-12-27,5,-0.23310192992892553,-0.3328491962516242,-0.8928725587636663,82,Season 4
Reiner Braun,4,5,Declaration of War,2021-01-10,9,-0.2328386947059846,-0.14821592112993118,-0.39360531736511917,64,Season 4
Reiner Braun,4,11,Impostors,2021-02-21,2,-0.23310192992892553,-0.3328491962516242,-0.3283173913090297,70,Season 4
Reiner Braun,4,17,Judgement,2022-01-09,1,5.572343616010886,1.595247247626753,2.477394228519152,57,Season 4
Reiner Braun,4,18,Sneak Attack,2022-01-16,3,-0.2327218570316717,-0.2595589348027744,0.23002150043347158,58,Season 4
Reiner Braun,4,19,Two Brothers,2022-01-23,2,-0.23310192992892553,-0.3328491962516242,-0.8936648636093687,71,Season 4
Reiner Braun,4,22,Thaw,2022-02-13,2,-0.23310192992892553,-0.3328491962516242,-0.8936648636093687,59,Season 4
Reiner Braun,4,25,Night of the End,2022-03-06,5,0.15413836131208133,-0.05660281322904463,-0.443215119566693,7,Season 4
Reiner Braun,4,26,Traitor,2022-03-13,4,-0.23280580859510255,-0.15084761347255893,0.7888935392835079,8,Season 4
Reiner Braun,4,27,Retrospective,2022-03-20,1,-0.23310192992892553,-0.3328491962516242,-0.8936648636093687,9,Season 4
Rod Reiss,3,1,Smoke Signal,2018-07-22,2,-0.23231222426010267,0.22105062911345483,-0.33288797580301843,36,Season 3
Rod Reiss,3,3,Old Story,2018-08-05,1,-0.23231222426010267,0.22105062911345486,0.22514550830577376,77,Season 3
Rod Reiss,3,6,Sin,2018-08-26,13,-0.23302047120658087,-0.10871103813110916,-0.8054693988774667,38,Season 3
Rod Reiss,3,7,Wish,2018-09-02,21,0.1357401744636096,0.03658263875884088,-0.4653616776822058,39,Season 3
Rod Reiss,3,8,Outside the Walls of Orvud District,2018-09-09,1,-0.23310192992892553,-0.3328491962516242,-0.8881780562142526,40,Season 3
Rod Reiss,3,10,Friends,2018-09-23,1,-0.23310192992892553,-0.3328491962516242,0.22910703253428558,84,Season 3
Samuel Linke-Jackson,4,26,Traitor,2022-03-13,3,1.0573041636507048,0.27674103216398227,1.355536800274684,8,Season 4
Sasha Blouse,1,3,A Dim Light Amid Despair - Humanity's Comeback (1),2013-04-21,2,-0.23310192992892553,-0.3328491962516242,-0.8936648636093687,12,Season 1
Sasha Blouse,1,4,The Night of the Closing Ceremony - Humanity's Comeback (2),2013-04-28,3,-0.23325016022186648,0.6013234823550306,-0.14281290265969235,1,Season 1
Sasha Blouse,1,7,Small Blade - The Struggle for Trost (3),2013-05-19,1,-0.23310192992892553,-0.3328491962516242,-0.8936648636093687,15,Season 1
Sasha Blouse,1,8,I Can Hear His Heartbeat - The Struggle for Trost (4),2013-05-26,1,-0.23340958409958296,1.9281175003340467,0.24129876785547164,16,Season 1
Sasha Blouse,1,20,Erwin Smith - The 57th Exterior Scouting Mission (4),2013-08-25,1,-0.23196171123716403,-0.11297841190507484,1.3585838566040098,23,Season 1
Sasha Blouse,1,23,Smile - Assault on Stohess (1),2013-09-15,1,-0.23310192992892553,-0.3328491962516242,-0.8936648636093687,3,Season 1
Sasha Blouse,2,1,Beast Titan,2017-04-01,2,-0.23310192992892553,-0.3328491962516242,-0.3283173913090297,28,Season 2
Sasha Blouse,2,2,I'm Home,2017-04-08,10,-0.03926463598874758,0.15466157446105364,0.11890275382487138,29,Season 2
Sasha Blouse,2,5,Historia,2017-04-29,1,-0.23310192992892553,-0.3328491962516242,-0.8936648636093687,30,Season 2
Sasha Blouse,2,6,Warrior,2017-05-06,2,-0.23310192992892553,-0.3328491962516242,-0.8897033393808569,31,Season 2
Sasha Blouse,2,11,Charge,2017-06-10,1,-0.23196171123716403,-0.11297841190507484,0.2330685567627974,34,Season 2
Sasha Blouse,3,1,Smoke Signal,2018-07-22,1,-0.23310192992892553,-0.3328491962516242,0.22514550830577376,36,Season 3
Sasha Blouse,3,3,Old Story,2018-08-05,1,-0.23310192992892553,-0.3328491962516242,0.2330685567627974,77,Season 3
Sasha Blouse,3,8,Outside the Walls of Orvud District,2018-09-09,1,-0.23310192992892553,-0.3328491962516242,-0.8936648636093687,40,Season 3
Sasha Blouse,3,12,Night of the Battle to Retake the Wall,2018-10-14,1,-0.23337600334525646,0.7502534822169622,0.23581196046035546,43,Season 3
Sasha Blouse,3,14,Thunder Spears,2019-05-05,1,-0.23310192992892553,-0.3328491962516242,0.22788891200333183,45,Season 3
Sasha Blouse,4,8,Assassin's Bullet,2021-01-31,3,-0.23353864780092148,0.08451633023886189,-0.14413341073586294,69,Season 4
Sasha Blouse,4,9,Brave Volunteers,2021-02-07,1,-0.23310192992892553,-0.3328491962516242,-0.8936648636093687,54,Season 4
Sasha Blouse,4,28,The Dawn of Humanity,2022-04-03,1,-0.23310192992892553,-0.3328491962516242,-0.8936648636093687,83,Season 4
Theo Magath,4,1,Other Side of the Sea,2020-12-06,15,-0.10355519015396814,0.2173680561523894,0.22914798755237237,66,Season 4
Theo Magath,4,2,Midnight Train,2020-12-13,13,-0.23268695294865518,-0.19932368120098778,-0.20118102107648844,67,Season 4
Theo Magath,4,3,The Door of Hope,2020-12-20,8,-0.23310192992892553,-0.3328491962516242,-0.6124766990448911,5,Season 4
Theo Magath,4,4,From One Hand to Another,2020-12-27,9,-0.2327024037132524,0.27692831241978694,0.2276511777324534,82,Season 4
Theo Magath,4,5,Declaration of War,2021-01-10,1,-0.23310192992892553,-0.3328491962516242,-0.8936648636093687,64,Season 4
Theo Magath,4,6,The War Hammer Titan,2021-01-17,16,-0.23277813958444787,-0.15126480084104393,0.3004805151609456,68,Season 4
Theo Magath,4,7,Assault,2021-01-24,1,-0.23082149254540252,0.10689237244147454,2.48013763221671,53,Season 4
Theo Magath,4,11,Impostors,2021-02-21,3,-0.23310192992892553,-0.3328491962516242,0.9763011218872178,70,Season 4
Theo Magath,4,15,Sole Salvation,2021-03-21,4,-0.23290450351171982,-0.1943742399103544,1.3479941951083407,75,Season 4
Theo Magath,4,16,Heaven and Earth,2021-03-28,1,-0.23310192992892553,-0.3328491962516242,-0.8936648636093687,56,Season 4
Theo Magath,4,17,Judgement,2022-01-09,8,-0.23290450351171982,-0.1943742399103544,0.09032290776093337,57,Season 4
Theo Magath,4,18,Sneak Attack,2022-01-16,5,-0.23291706302299517,0.01392039184155327,-0.4418127014543489,58,Season 4
Theo Magath,4,23,Sunset,2022-02-20,1,-0.23310192992892553,-0.3328491962516242,0.22514550830577376,6,Season 4
Theo Magath,4,25,Night of the End,2022-03-06,13,0.3632146060062597,0.2539080245674068,0.9209113361169868,7,Season 4
Theo Magath,4,26,Traitor,2022-03-13,13,0.06483130245394633,0.021534544692623853,0.0582721741489559,8,Season 4
Theo Magath,4,27,Retrospective,2022-03-20,9,-0.017705215831634626,-0.017599798768799746,0.3543337639795986,9,Season 4
Theo Magath,4,28,The Dawn of Humanity,2022-04-03,2,-0.23231222426010267,0.22105062911345483,-0.3261830478769485,83,Season 4
Thomas Wagner,1,4,The Night of the Closing Ceremony - Humanity's Comeback (2),2013-04-28,1,-0.23310192992892553,-0.3328491962516242,1.3558404529064516,1,Season 1
Thomas Wagner,1,5,First Battle - The Struggle for Trost (1),2013-05-05,1,-0.23310192992892553,-0.3328491962516242,1.3494426876160324,13,Season 1
Tom Ksaver,4,15,Sole Salvation,2021-03-21,23,0.019788354345268384,-0.07540444999819632,-0.06469079163527044,75,Season 4
Udo,4,1,Other Side of the Sea,2020-12-06,4,0.250838635960862,-0.2095234340693019,0.7879031582263799,66,Season 4
Uri Reiss,3,10,Friends,2018-09-23,8,0.2511951714138762,0.12127534862108899,-0.33041202316019846,84,Season 3
Willy Tybur,4,4,From One Hand to Another,2020-12-27,22,-0.0561932060379524,0.17856348780042963,0.2788541885017592,82,Season 4
Willy Tybur,4,5,Declaration of War,2021-01-10,42,0.13577790112323077,-0.009222733389126145,0.23123305971202765,64,Season 4
Willy Tybur,4,6,The War Hammer Titan,2021-01-17,15,-0.10372105644239273,-1.8975621583275558e-4,0.6799430412456791,68,Season 4
Yelena,4,8,Assassin's Bullet,2021-01-31,1,-0.23310192992892553,-0.3328491962516242,-0.8936648636093687,69,Season 4
Yelena,4,9,Brave Volunteers,2021-02-07,16,-0.23273165480751415,-0.11402044973689338,0.368406203626658,54,Season 4
Yelena,4,11,Impostors,2021-02-21,1,-0.23310192992892553,-0.3328491962516242,-0.8936648636093687,70,Season 4
Yelena,4,16,Heaven and Earth,2021-03-28,25,0.15446004734702923,0.12308225562432705,0.4086657939806859,56,Season 4
Yelena,4,17,Judgement,2022-01-09,2,1.7015201149384627,-0.0594169318688845,0.7924737427203685,57,Season 4
Yelena,4,18,Sneak Attack,2022-01-16,1,-0.23073281292245695,1.3288502798436128,1.3561476155421024,58,Season 4
Yelena,4,22,Thaw,2022-02-13,1,-0.23310192992892553,-0.3328491962516242,0.2370300809913092,59,Season 4
Yelena,4,24,Pride,2022-02-27,1,-0.23152266492716458,0.5692636406158188,0.22514550830577376,60,Season 4
Yelena,4,25,Night of the End,2022-03-06,11,0.4705814104428294,0.20777000872979232,0.3313437908930046,7,Season 4
Yelena,4,26,Traitor,2022-03-13,1,-0.23310192992892553,-0.3328491962516242,-0.8936648636093687,8,Season 4
Yelena,4,28,The Dawn of Humanity,2022-04-03,2,-0.23289998663768213,1.4370729763995882,0.2330685567627974,83,Season 4
Ymir,1,3,A Dim Light Amid Despair - Humanity's Comeback (1),2013-04-21,2,0.7353493111965304,0.023737720286295033,0.22712627042002964,12,Season 1
Ymir,1,6,The World the Girl Saw - The Struggle for Trost (2),2013-05-12,2,-0.23323896663709098,0.208702142982669,-0.33029815342328567,14,Season 1
Ymir,1,9,Whereabouts of His Left Arm - The Struggle for Trost (5),2013-06-02,1,-0.23310192992892553,-0.3328491962516242,0.22788891200333183,73,Season 1
Ymir,2,2,I'm Home,2017-04-08,6,0.08933507754897259,-0.28727715218783423,-0.3335994236137122,29,Season 2
Ymir,2,4,Soldier,2017-04-22,16,0.1299197851526083,-0.11902250028953662,-0.47182502376846785,61,Season 2
Ymir,2,5,Historia,2017-04-29,21,0.3196786172566831,0.029893433792158634,-0.4651004011395813,30,Season 2
Ymir,2,6,Warrior,2017-05-06,1,-0.23310192992892553,-0.3328491962516242,-0.8936648636093687,31,Season 2
Ymir,2,9,Opening,2017-05-27,16,0.00901642282887246,-0.16733009790451073,-0.3321074528064442,33,Season 2
Ymir,2,10,Children,2017-06-03,26,-0.23265735944461707,-0.013554759812987836,-0.4169695499899273,62,Season 2
Ymir,2,11,Charge,2017-06-10,11,-0.232994249443899,-0.2666668025137823,0.02502253553283032,34,Season 2
Ymir,2,12,Scream,2017-06-17,5,-0.23299880347842714,-0.005448695484891086,0.0051627665721964535,35,Season 2
Ymir,3,7,Wish,2018-09-02,1,-0.23310192992892553,-0.3328491962516242,-0.8936648636093687,39,Season 3
Ymir,3,21,The Attack Titan,2019-06-23,3,-0.23310192992892553,-0.3328491962516242,-0.8936648636093687,51,Season 3
Zachary Daz,1,14,Can't Look Into His Eyes - Eve of the Counterattack (1),2013-07-14,10,-0.2327070770945141,-0.055899283569084676,-0.3323700113270719,20,Season 1
Zachary Daz,3,5,Reply,2018-08-19,10,-0.2321481592820529,0.22946116545785888,0.003669252670322054,79,Season 3
Zachary Daz,3,6,Sin,2018-08-26,5,0.5409048291517945,-0.11269632542551249,0.0029680436141500174,38,Season 3
Zachary Daz,3,22,Beyond the Wall,2019-06-30,1,-0.2329673010680966,0.8470989188491841,1.3561476155421024,52,Season 3
Zeke Yeager,2,1,Beast Titan,2017-04-01,2,-0.23310192992892553,-0.3328491962516242,-0.8909214599118107,28,Season 2
Zeke Yeager,3,14,Thunder Spears,2019-05-05,2,-0.23168920204986437,0.03917933078085942,0.7904929806061127,45,Season 3
Zeke Yeager,3,15,Descent,2019-05-12,4,-0.2325096506773084,0.0825756727721851,-0.328849660915594,46,Season 3
Zeke Yeager,3,16,Perfect Game,2019-05-19,1,-0.23310192992892553,-0.3328491962516242,-0.8936648636093687,47,Season 3
Zeke Yeager,3,17,Hero,2019-05-26,6,0.41307144120169476,0.39898757125871737,0.6069710090729726,48,Season 3
Zeke Yeager,3,18,Midnight Sun,2019-06-02,2,-0.23253182058304478,-0.22291380407834951,0.22910703253428558,63,Season 3
Zeke Yeager,4,2,Midnight Train,2020-12-13,20,-0.03947012085242239,0.06823698039235572,0.11740923992299679,67,Season 4
Zeke Yeager,4,7,Assault,2021-01-24,2,0.7347792018506496,-0.08619767188697966,0.23108779464854146,53,Season 4
Zeke Yeager,4,8,Assassin's Bullet,2021-01-31,2,-0.23389404344508494,0.8347504327183981,-0.8916841014951128,69,Season 4
Zeke Yeager,4,9,Brave Volunteers,2021-02-07,3,-0.23310192992892553,-0.3328491962516242,-0.8936648636093687,54,Season 4
Zeke Yeager,4,13,Children of the Forest,2021-03-07,3,-0.2327938184190416,0.2451001172370049,-0.14464183845806441,74,Season 4
Zeke Yeager,4,14,Violence,2021-03-21,9,-0.23297523896317426,-0.3084191091020076,-0.26946252972639273,55,Season 4
Zeke Yeager,4,15,Sole Salvation,2021-03-21,12,-0.2326922295735661,0.18238719785879695,0.41737876676554386,75,Season 4
Zeke Yeager,4,17,Judgement,2022-01-09,2,-0.23310192992892553,-0.3328491962516242,-0.8936648636093687,57,Season 4
Zeke Yeager,4,18,Sneak Attack,2022-01-16,1,-0.23310192992892553,-0.3328491962516242,-0.8936648636093687,58,Season 4
Zeke Yeager,4,19,Two Brothers,2022-01-23,14,0.32019621245563856,0.022682733247585286,0.30856507586462295,71,Season 4
Zeke Yeager,4,20,Memories of the Future,2022-01-30,12,0.7345445065006622,0.09708133296269998,0.13643157886852955,65,Season 4
Zeke Yeager,4,21,"From You, 2,000 Years Ago",2022-02-06,7,-0.23295229441076462,-0.15148381477297357,-0.25151499092320745,72,Season 4
Zeke Yeager,4,28,The Dawn of Humanity,2022-04-03,5,-0.23310192992892553,-0.3328491962516242,-0.6683181795349354,83,Season 4
Zeke's grandmother,4,15,Sole Salvation,2021-03-21,1,-0.23310192992892553,-0.3328491962516242,-0.8936648636093687,75,Season 4
